id,promo,id_mat,mg_mat,mg_module
02d62872c6,2,i01,16.5,17.6
02d62872c6,2,i02,18.7,17.6
02d62872c6,2,i03,12.6,13.76
02d62872c6,2,i04,14.9,13.76
02d62872c6,2,i05,13.79,13.76
02d62872c6,2,i06,16.65,14.62
02d62872c6,2,i07,11.9,14.62
02d62872c6,2,i08,15.98,14.62
02d62872c6,2,i09,16.93,16.61
02d62872c6,2,i10,16.4,16.61
02d62872c6,2,i11,16.0,16.58
02d62872c6,2,i12,9.0,16.58
02d62872c6,2,i13,13.5,16.58
02d62872c6,2,i14,17.05,16.58
02d62872c6,2,i15,16.1,16.58
02d62872c6,2,i16,17.15,15.49
02d62872c6,2,i17,13.3,15.49
02d62872c6,2,i18,17.11,15.49
02d62872c6,2,i19,17.85,15.06
02d62872c6,2,i20,12.65,15.06
02d62872c6,2,i21,15.9,15.06
02d62872c6,2,i22,16.21,16.78
02d62872c6,2,i23,17.35,16.78
02d62872c6,2,i24,16.75,
02d62872c6,2,i25,15.5,
02d62872c6,2,i26,12.25,
033574f04c,2,i01,16.1,14.3
033574f04c,2,i02,12.5,14.3
033574f04c,2,i03,12.39,13.4
033574f04c,2,i04,13.7,13.4
033574f04c,2,i05,15.5,13.4
033574f04c,2,i06,15.7,13.02
033574f04c,2,i07,9.7,13.02
033574f04c,2,i08,14.54,13.02
033574f04c,2,i09,12.23,14.69
033574f04c,2,i10,16.33,14.69
033574f04c,2,i11,11.75,13.32
033574f04c,2,i12,9.75,13.32
033574f04c,2,i13,15.0,13.32
033574f04c,2,i14,14.1,13.32
033574f04c,2,i15,12.53,13.32
033574f04c,2,i16,16.5,15.9
033574f04c,2,i17,14.38,15.9
033574f04c,2,i18,18.64,15.9
033574f04c,2,i19,10.85,12.85
033574f04c,2,i20,12.35,12.85
033574f04c,2,i21,15.6,12.85
033574f04c,2,i22,14.03,15.51
033574f04c,2,i23,16.98,15.51
033574f04c,2,i24,17.25,
033574f04c,2,i25,14.5,
033574f04c,2,i26,12.25,
033b92fdb6,3,i01,14.3,12.6
033b92fdb6,3,i02,10.9,12.6
033b92fdb6,3,i03,5.88,9.61
033b92fdb6,3,i04,11.79,9.61
033b92fdb6,3,i05,14.25,9.61
033b92fdb6,3,i06,11.95,10.42
033b92fdb6,3,i07,8.03,10.42
033b92fdb6,3,i08,11.8,10.42
033b92fdb6,3,i09,16.05,15.6
033b92fdb6,3,i10,15.3,15.6
033b92fdb6,3,i11,14.75,14.12
033b92fdb6,3,i12,9.25,14.12
033b92fdb6,3,i13,16.0,14.12
033b92fdb6,3,i14,14.65,14.12
033b92fdb6,3,i15,13.58,14.12
033b92fdb6,3,i16,11.81,11.91
033b92fdb6,3,i17,12.61,11.91
033b92fdb6,3,i18,10.1,11.91
033b92fdb6,3,i19,8.83,9.92
033b92fdb6,3,i20,7.55,9.92
033b92fdb6,3,i21,14.55,9.92
033b92fdb6,3,i22,8.76,13.78
033b92fdb6,3,i23,18.8,13.78
033b92fdb6,3,i24,14.75,
033b92fdb6,3,i25,11.5,
033b92fdb6,3,i26,15.5,
06ab8aee6d,3,i01,9.8,11.03
06ab8aee6d,3,i02,12.25,11.03
06ab8aee6d,3,i03,9.75,10.84
06ab8aee6d,3,i04,9.3,10.84
06ab8aee6d,3,i05,18.73,10.84
06ab8aee6d,3,i06,18.25,12.41
06ab8aee6d,3,i07,7.7,12.41
06ab8aee6d,3,i08,13.23,12.41
06ab8aee6d,3,i09,13.25,15.08
06ab8aee6d,3,i10,16.3,15.08
06ab8aee6d,3,i11,18.0,13.12
06ab8aee6d,3,i12,10.5,13.12
06ab8aee6d,3,i13,14.5,13.12
06ab8aee6d,3,i14,14.25,13.12
06ab8aee6d,3,i15,11.98,13.12
06ab8aee6d,3,i16,11.91,12.67
06ab8aee6d,3,i17,13.78,12.67
06ab8aee6d,3,i18,11.65,12.67
06ab8aee6d,3,i19,12.08,9.74
06ab8aee6d,3,i20,6.33,9.74
06ab8aee6d,3,i21,12.5,9.74
06ab8aee6d,3,i22,8.86,13.68
06ab8aee6d,3,i23,18.5,13.68
06ab8aee6d,3,i24,17.75,
06ab8aee6d,3,i25,12.0,
06ab8aee6d,3,i26,15.0,
0af7383ac5,3,i01,9.25,8.1
0af7383ac5,3,i02,6.95,8.1
0af7383ac5,3,i03,8.95,12.29
0af7383ac5,3,i04,14.09,12.29
0af7383ac5,3,i05,16.91,12.29
0af7383ac5,3,i06,11.45,12.27
0af7383ac5,3,i07,11.68,12.27
0af7383ac5,3,i08,13.41,12.27
0af7383ac5,3,i09,11.15,12.61
0af7383ac5,3,i10,13.58,12.61
0af7383ac5,3,i11,15.75,8.78
0af7383ac5,3,i12,12.25,8.78
0af7383ac5,3,i13,14.25,8.78
0af7383ac5,3,i14,9.45,8.78
0af7383ac5,3,i15,8.1,8.78
0af7383ac5,3,i16,13.86,13.7
0af7383ac5,3,i17,12.88,13.7
0af7383ac5,3,i18,15.65,13.7
0af7383ac5,3,i19,12.13,13.69
0af7383ac5,3,i20,16.13,13.69
0af7383ac5,3,i21,11.6,13.69
0af7383ac5,3,i22,12.79,15.2
0af7383ac5,3,i23,17.6,15.2
0af7383ac5,3,i24,16.0,
0af7383ac5,3,i25,16.0,
0af7383ac5,3,i26,16.0,
0b01093cfa,1,i01,9.65,8.58
0b01093cfa,1,i02,7.5,8.58
0b01093cfa,1,i03,9.8,11.49
0b01093cfa,1,i04,12.73,11.49
0b01093cfa,1,i05,12.85,11.49
0b01093cfa,1,i06,10.9,12.61
0b01093cfa,1,i07,10.3,12.61
0b01093cfa,1,i08,16.05,12.61
0b01093cfa,1,i09,13.25,11.68
0b01093cfa,1,i10,10.63,11.68
0b01093cfa,1,i11,13.5,8.75
0b01093cfa,1,i12,8.0,8.75
0b01093cfa,1,i13,17.0,8.75
0b01093cfa,1,i14,6.2,8.75
0b01093cfa,1,i15,11.3,8.75
0b01093cfa,1,i16,9.9,8.98
0b01093cfa,1,i17,7.03,8.98
0b01093cfa,1,i18,12.09,8.98
0b01093cfa,1,i19,4.5,8.83
0b01093cfa,1,i20,11.48,8.83
0b01093cfa,1,i21,9.18,8.83
0b01093cfa,1,i22,8.96,10.51
0b01093cfa,1,i23,12.06,10.51
0b01093cfa,1,i24,12.0,8.58
0b01093cfa,1,i25,12.5,8.58
0b01093cfa,1,i26,15.25,8.58
0c61f26c81,1,i01,11.25,12.63
0c61f26c81,1,i02,14.0,12.63
0c61f26c81,1,i03,11.9,11.82
0c61f26c81,1,i04,11.9,11.82
0c61f26c81,1,i05,11.35,11.82
0c61f26c81,1,i06,10.75,12.71
0c61f26c81,1,i07,11.05,12.71
0c61f26c81,1,i08,15.68,12.71
0c61f26c81,1,i09,12.98,12.31
0c61f26c81,1,i10,11.86,12.31
0c61f26c81,1,i11,15.25,11.45
0c61f26c81,1,i12,10.75,11.45
0c61f26c81,1,i13,16.0,11.45
0c61f26c81,1,i14,8.3,11.45
0c61f26c81,1,i15,14.6,11.45
0c61f26c81,1,i16,12.48,13.72
0c61f26c81,1,i17,15.1,13.72
0c61f26c81,1,i18,13.31,13.72
0c61f26c81,1,i19,13.1,12.87
0c61f26c81,1,i20,11.0,12.87
0c61f26c81,1,i21,15.45,12.87
0c61f26c81,1,i22,11.09,12.25
0c61f26c81,1,i23,13.41,12.25
0c61f26c81,1,i24,12.75,12.63
0c61f26c81,1,i25,10.75,12.63
0c61f26c81,1,i26,15.0,12.63
117df99f3c,2,i01,14.6,11.65
117df99f3c,2,i02,8.7,11.65
117df99f3c,2,i03,10.11,12.58
117df99f3c,2,i04,14.15,12.58
117df99f3c,2,i05,15.25,12.58
117df99f3c,2,i06,16.05,12.89
117df99f3c,2,i07,10.3,12.89
117df99f3c,2,i08,13.36,12.89
117df99f3c,2,i09,12.03,14.03
117df99f3c,2,i10,15.36,14.03
117df99f3c,2,i11,12.75,9.7
117df99f3c,2,i12,6.5,9.7
117df99f3c,2,i13,15.0,9.7
117df99f3c,2,i14,7.0,9.7
117df99f3c,2,i15,12.4,9.7
117df99f3c,2,i16,17.13,14.13
117df99f3c,2,i17,11.89,14.13
117df99f3c,2,i18,11.83,14.13
117df99f3c,2,i19,12.53,11.57
117df99f3c,2,i20,10.65,11.57
117df99f3c,2,i21,12.0,11.57
117df99f3c,2,i22,12.23,13.72
117df99f3c,2,i23,15.2,13.72
117df99f3c,2,i24,13.5,
117df99f3c,2,i25,13.0,
117df99f3c,2,i26,15.75,
118d402d01,2,i01,10.95,9.68
118d402d01,2,i02,8.4,9.68
118d402d01,2,i03,10.25,11.17
118d402d01,2,i04,11.11,11.17
118d402d01,2,i05,14.14,11.17
118d402d01,2,i06,15.05,12.7
118d402d01,2,i07,7.0,12.7
118d402d01,2,i08,16.83,12.7
118d402d01,2,i09,12.98,14.35
118d402d01,2,i10,15.26,14.35
118d402d01,2,i11,18.0,8.4
118d402d01,2,i12,11.25,8.4
118d402d01,2,i13,15.0,8.4
118d402d01,2,i14,5.7,8.4
118d402d01,2,i15,11.1,8.4
118d402d01,2,i16,15.4,11.05
118d402d01,2,i17,6.23,11.05
118d402d01,2,i18,12.48,11.05
118d402d01,2,i19,6.63,9.48
118d402d01,2,i20,8.0,9.48
118d402d01,2,i21,14.55,9.48
118d402d01,2,i22,14.71,15.23
118d402d01,2,i23,15.74,15.23
118d402d01,2,i24,17.25,
118d402d01,2,i25,15.5,
118d402d01,2,i26,12.5,
14ee6ddf6d,1,i01,13.68,11.99
14ee6ddf6d,1,i02,10.3,11.99
14ee6ddf6d,1,i03,7.13,11.08
14ee6ddf6d,1,i04,13.76,11.08
14ee6ddf6d,1,i05,14.9,11.08
14ee6ddf6d,1,i06,11.85,13.23
14ee6ddf6d,1,i07,10.6,13.23
14ee6ddf6d,1,i08,16.79,13.23
14ee6ddf6d,1,i09,14.15,14.91
14ee6ddf6d,1,i10,15.41,14.91
14ee6ddf6d,1,i11,15.0,12.3
14ee6ddf6d,1,i12,11.0,12.3
14ee6ddf6d,1,i13,16.0,12.3
14ee6ddf6d,1,i14,8.9,12.3
14ee6ddf6d,1,i15,15.7,12.3
14ee6ddf6d,1,i16,15.53,13.68
14ee6ddf6d,1,i17,11.95,13.68
14ee6ddf6d,1,i18,13.35,13.68
14ee6ddf6d,1,i19,11.83,10.99
14ee6ddf6d,1,i20,10.9,10.99
14ee6ddf6d,1,i21,10.3,10.99
14ee6ddf6d,1,i22,13.43,14.91
14ee6ddf6d,1,i23,16.39,14.91
14ee6ddf6d,1,i24,13.75,11.99
14ee6ddf6d,1,i25,13.0,11.99
14ee6ddf6d,1,i26,15.0,11.99
172f419d3e,2,i01,9.85,10.73
172f419d3e,2,i02,11.6,10.73
172f419d3e,2,i03,10.28,12.07
172f419d3e,2,i04,13.29,12.07
172f419d3e,2,i05,13.79,12.07
172f419d3e,2,i06,16.05,12.97
172f419d3e,2,i07,9.05,12.97
172f419d3e,2,i08,14.83,12.97
172f419d3e,2,i09,13.9,13.83
172f419d3e,2,i10,13.79,13.83
172f419d3e,2,i11,16.0,10.48
172f419d3e,2,i12,10.25,10.48
172f419d3e,2,i13,15.0,10.48
172f419d3e,2,i14,9.85,10.48
172f419d3e,2,i15,11.1,10.48
172f419d3e,2,i16,16.05,13.51
172f419d3e,2,i17,11.39,13.51
172f419d3e,2,i18,12.26,13.51
172f419d3e,2,i19,11.28,11.29
172f419d3e,2,i20,9.6,11.29
172f419d3e,2,i21,13.85,11.29
172f419d3e,2,i22,14.55,15.33
172f419d3e,2,i23,16.1,15.33
172f419d3e,2,i24,16.5,
172f419d3e,2,i25,12.5,
172f419d3e,2,i26,12.5,
1c5d2ef600,1,i01,11.28,10.09
1c5d2ef600,1,i02,8.9,10.09
1c5d2ef600,1,i03,9.75,10.89
1c5d2ef600,1,i04,12.01,10.89
1c5d2ef600,1,i05,10.95,10.89
1c5d2ef600,1,i06,13.1,13.06
1c5d2ef600,1,i07,9.95,13.06
1c5d2ef600,1,i08,16.15,13.06
1c5d2ef600,1,i09,11.9,11.92
1c5d2ef600,1,i10,11.93,11.92
1c5d2ef600,1,i11,14.75,14.85
1c5d2ef600,1,i12,9.25,14.85
1c5d2ef600,1,i13,15.5,14.85
1c5d2ef600,1,i14,10.7,14.85
1c5d2ef600,1,i15,19.0,14.85
1c5d2ef600,1,i16,12.8,13.08
1c5d2ef600,1,i17,13.48,13.08
1c5d2ef600,1,i18,12.75,13.08
1c5d2ef600,1,i19,7.7,10.5
1c5d2ef600,1,i20,10.73,10.5
1c5d2ef600,1,i21,12.95,10.5
1c5d2ef600,1,i22,11.41,12.81
1c5d2ef600,1,i23,14.2,12.81
1c5d2ef600,1,i24,13.5,10.09
1c5d2ef600,1,i25,14.0,10.09
1c5d2ef600,1,i26,18.5,10.09
1f2a98064d,3,i01,17.6,16.13
1f2a98064d,3,i02,14.65,16.13
1f2a98064d,3,i03,14.7,15.34
1f2a98064d,3,i04,14.99,15.34
1f2a98064d,3,i05,18.34,15.34
1f2a98064d,3,i06,18.15,14.9
1f2a98064d,3,i07,13.08,14.9
1f2a98064d,3,i08,14.55,14.9
1f2a98064d,3,i09,18.38,15.5
1f2a98064d,3,i10,13.58,15.5
1f2a98064d,3,i11,16.0,17.15
1f2a98064d,3,i12,15.25,17.15
1f2a98064d,3,i13,16.25,17.15
1f2a98064d,3,i14,15.5,17.15
1f2a98064d,3,i15,18.8,17.15
1f2a98064d,3,i16,14.99,15.35
1f2a98064d,3,i17,15.6,15.35
1f2a98064d,3,i18,15.7,15.35
1f2a98064d,3,i19,14.5,14.81
1f2a98064d,3,i20,13.6,14.81
1f2a98064d,3,i21,16.95,14.81
1f2a98064d,3,i22,17.03,17.96
1f2a98064d,3,i23,18.88,17.96
1f2a98064d,3,i24,15.75,
1f2a98064d,3,i25,17.5,
1f2a98064d,3,i26,18.0,
23fbc459f6,3,i01,13.2,12.18
23fbc459f6,3,i02,11.15,12.18
23fbc459f6,3,i03,10.43,12.08
23fbc459f6,3,i04,12.74,12.08
23fbc459f6,3,i05,15.05,12.08
23fbc459f6,3,i06,12.65,12.74
23fbc459f6,3,i07,10.2,12.74
23fbc459f6,3,i08,15.35,12.74
23fbc459f6,3,i09,12.75,13.85
23fbc459f6,3,i10,14.58,13.85
23fbc459f6,3,i11,11.5,12.57
23fbc459f6,3,i12,10.75,12.57
23fbc459f6,3,i13,15.0,12.57
23fbc459f6,3,i14,12.95,12.57
23fbc459f6,3,i15,12.18,12.57
23fbc459f6,3,i16,12.58,13.08
23fbc459f6,3,i17,12.93,13.08
23fbc459f6,3,i18,15.0,13.08
23fbc459f6,3,i19,10.9,12.06
23fbc459f6,3,i20,12.1,12.06
23fbc459f6,3,i21,13.15,12.06
23fbc459f6,3,i22,12.29,13.45
23fbc459f6,3,i23,14.6,13.45
23fbc459f6,3,i24,12.75,
23fbc459f6,3,i25,14.0,
23fbc459f6,3,i26,15.5,
25eed91253,1,i01,9.03,9.52
25eed91253,1,i02,10.0,9.52
25eed91253,1,i03,8.0,10.38
25eed91253,1,i04,11.33,10.38
25eed91253,1,i05,14.7,10.38
25eed91253,1,i06,14.5,15.3
25eed91253,1,i07,13.85,15.3
25eed91253,1,i08,17.29,15.3
25eed91253,1,i09,13.13,12.62
25eed91253,1,i10,12.28,12.62
25eed91253,1,i11,13.25,9.55
25eed91253,1,i12,10.75,9.55
25eed91253,1,i13,15.5,9.55
25eed91253,1,i14,7.6,9.55
25eed91253,1,i15,11.5,9.55
25eed91253,1,i16,13.5,11.01
25eed91253,1,i17,8.55,11.01
25eed91253,1,i18,10.89,11.01
25eed91253,1,i19,7.2,11.59
25eed91253,1,i20,13.1,11.59
25eed91253,1,i21,13.7,11.59
25eed91253,1,i22,8.74,11.24
25eed91253,1,i23,13.73,11.24
25eed91253,1,i24,11.5,9.52
25eed91253,1,i25,14.75,9.52
25eed91253,1,i26,15.5,9.52
28192342c3,1,i01,10.45,13.43
28192342c3,1,i02,16.4,13.43
28192342c3,1,i03,14.68,11.68
28192342c3,1,i04,9.91,11.68
28192342c3,1,i05,8.0,11.68
28192342c3,1,i06,12.6,12.35
28192342c3,1,i07,11.7,12.35
28192342c3,1,i08,12.84,12.35
28192342c3,1,i09,13.48,14.11
28192342c3,1,i10,14.53,14.11
28192342c3,1,i11,14.0,12.9
28192342c3,1,i12,9.25,12.9
28192342c3,1,i13,14.5,12.9
28192342c3,1,i14,11.5,12.9
28192342c3,1,i15,14.3,12.9
28192342c3,1,i16,15.5,14.21
28192342c3,1,i17,12.28,14.21
28192342c3,1,i18,16.16,14.21
28192342c3,1,i19,14.48,12.99
28192342c3,1,i20,9.48,12.99
28192342c3,1,i21,16.78,12.99
28192342c3,1,i22,10.3,11.39
28192342c3,1,i23,12.48,11.39
28192342c3,1,i24,13.5,13.43
28192342c3,1,i25,9.5,13.43
28192342c3,1,i26,15.0,13.43
2a4ecb964b,2,i01,8.75,7.53
2a4ecb964b,2,i02,6.3,7.53
2a4ecb964b,2,i03,13.2,11.88
2a4ecb964b,2,i04,10.96,11.88
2a4ecb964b,2,i05,10.65,11.88
2a4ecb964b,2,i06,5.85,8.94
2a4ecb964b,2,i07,6.93,8.94
2a4ecb964b,2,i08,13.0,8.94
2a4ecb964b,2,i09,3.85,10.35
2a4ecb964b,2,i10,14.68,10.35
2a4ecb964b,2,i11,14.5,9.65
2a4ecb964b,2,i12,3.0,9.65
2a4ecb964b,2,i13,11.5,9.65
2a4ecb964b,2,i14,8.4,9.65
2a4ecb964b,2,i15,10.9,9.65
2a4ecb964b,2,i16,14.78,12.39
2a4ecb964b,2,i17,9.4,12.39
2a4ecb964b,2,i18,14.2,12.39
2a4ecb964b,2,i19,7.83,9.67
2a4ecb964b,2,i20,9.75,9.67
2a4ecb964b,2,i21,11.4,9.67
2a4ecb964b,2,i22,13.9,12.28
2a4ecb964b,2,i23,10.65,12.28
2a4ecb964b,2,i24,16.0,
2a4ecb964b,2,i25,9.5,
2a4ecb964b,2,i26,16.0,
2ec7bcb1ee,1,i01,6.1,7.15
2ec7bcb1ee,1,i02,8.2,7.15
2ec7bcb1ee,1,i03,9.1,11.79
2ec7bcb1ee,1,i04,13.46,11.79
2ec7bcb1ee,1,i05,14.85,11.79
2ec7bcb1ee,1,i06,9.2,12.14
2ec7bcb1ee,1,i07,10.3,12.14
2ec7bcb1ee,1,i08,15.93,12.14
2ec7bcb1ee,1,i09,11.1,13.99
2ec7bcb1ee,1,i10,15.91,13.99
2ec7bcb1ee,1,i11,15.0,12.2
2ec7bcb1ee,1,i12,11.75,12.2
2ec7bcb1ee,1,i13,16.0,12.2
2ec7bcb1ee,1,i14,10.4,12.2
2ec7bcb1ee,1,i15,14.0,12.2
2ec7bcb1ee,1,i16,14.63,12.01
2ec7bcb1ee,1,i17,9.5,12.01
2ec7bcb1ee,1,i18,11.7,12.01
2ec7bcb1ee,1,i19,12.28,13.73
2ec7bcb1ee,1,i20,14.65,13.73
2ec7bcb1ee,1,i21,13.8,13.73
2ec7bcb1ee,1,i22,12.54,13.74
2ec7bcb1ee,1,i23,14.94,13.74
2ec7bcb1ee,1,i24,11.25,7.15
2ec7bcb1ee,1,i25,14.0,7.15
2ec7bcb1ee,1,i26,15.5,7.15
3773044e37,3,i01,15.2,12.6
3773044e37,3,i02,10.0,12.6
3773044e37,3,i03,7.2,10.41
3773044e37,3,i04,12.81,10.41
3773044e37,3,i05,12.86,10.41
3773044e37,3,i06,12.7,10.89
3773044e37,3,i07,10.43,10.89
3773044e37,3,i08,10.13,10.89
3773044e37,3,i09,13.0,11.55
3773044e37,3,i10,10.58,11.55
3773044e37,3,i11,15.25,10.4
3773044e37,3,i12,10.75,10.4
3773044e37,3,i13,13.0,10.4
3773044e37,3,i14,9.4,10.4
3773044e37,3,i15,11.4,10.4
3773044e37,3,i16,7.95,9.92
3773044e37,3,i17,12.0,9.92
3773044e37,3,i18,9.6,9.92
3773044e37,3,i19,11.33,12.52
3773044e37,3,i20,12.83,12.52
3773044e37,3,i21,13.25,12.52
3773044e37,3,i22,4.43,8.59
3773044e37,3,i23,12.75,8.59
3773044e37,3,i24,13.5,
3773044e37,3,i25,9.0,
3773044e37,3,i26,16.5,
38b2492009,1,i01,8.9,7.35
38b2492009,1,i02,5.8,7.35
38b2492009,1,i03,7.1,8.95
38b2492009,1,i04,9.73,8.95
38b2492009,1,i05,12.15,8.95
38b2492009,1,i06,8.05,8.73
38b2492009,1,i07,9.3,8.73
38b2492009,1,i08,8.6,8.73
38b2492009,1,i09,11.88,9.04
38b2492009,1,i10,7.15,9.04
38b2492009,1,i11,13.25,9.5
38b2492009,1,i12,6.5,9.5
38b2492009,1,i13,17.0,9.5
38b2492009,1,i14,5.9,9.5
38b2492009,1,i15,13.1,9.5
38b2492009,1,i16,10.78,9.43
38b2492009,1,i17,8.05,9.43
38b2492009,1,i18,9.51,9.43
38b2492009,1,i19,7.9,10.22
38b2492009,1,i20,9.83,10.22
38b2492009,1,i21,13.13,10.22
38b2492009,1,i22,7.45,9.56
38b2492009,1,i23,11.66,9.56
38b2492009,1,i24,13.5,7.35
38b2492009,1,i25,12.0,7.35
38b2492009,1,i26,13.5,7.35
3a2164c349,1,i01,9.15,11.08
3a2164c349,1,i02,13.0,11.08
3a2164c349,1,i03,14.15,15.58
3a2164c349,1,i04,16.81,15.58
3a2164c349,1,i05,16.15,15.58
3a2164c349,1,i06,9.8,11.52
3a2164c349,1,i07,9.1,11.52
3a2164c349,1,i08,15.08,11.52
3a2164c349,1,i09,11.8,13.04
3a2164c349,1,i10,13.86,13.04
3a2164c349,1,i11,15.5,11.75
3a2164c349,1,i12,13.0,11.75
3a2164c349,1,i13,16.25,11.75
3a2164c349,1,i14,10.3,11.75
3a2164c349,1,i15,13.2,11.75
3a2164c349,1,i16,14.03,12.59
3a2164c349,1,i17,11.93,12.59
3a2164c349,1,i18,10.24,12.59
3a2164c349,1,i19,11.93,12.27
3a2164c349,1,i20,10.35,12.27
3a2164c349,1,i21,15.48,12.27
3a2164c349,1,i22,13.05,13.57
3a2164c349,1,i23,14.08,13.57
3a2164c349,1,i24,14.0,11.08
3a2164c349,1,i25,16.75,11.08
3a2164c349,1,i26,15.0,11.08
3e13073e92,3,i01,12.28,11.02
3e13073e92,3,i02,9.75,11.02
3e13073e92,3,i03,14.05,14.03
3e13073e92,3,i04,13.6,14.03
3e13073e92,3,i05,15.29,14.03
3e13073e92,3,i06,11.4,12.54
3e13073e92,3,i07,12.8,12.54
3e13073e92,3,i08,13.03,12.54
3e13073e92,3,i09,12.93,13.57
3e13073e92,3,i10,14.0,13.57
3e13073e92,3,i11,16.5,8.18
3e13073e92,3,i12,10.25,8.18
3e13073e92,3,i13,14.25,8.18
3e13073e92,3,i14,8.45,8.18
3e13073e92,3,i15,7.9,8.18
3e13073e92,3,i16,12.98,13.45
3e13073e92,3,i17,12.95,13.45
3e13073e92,3,i18,16.35,13.45
3e13073e92,3,i19,10.88,9.52
3e13073e92,3,i20,7.73,9.52
3e13073e92,3,i21,10.85,9.52
3e13073e92,3,i22,15.83,16.72
3e13073e92,3,i23,17.6,16.72
3e13073e92,3,i24,16.5,
3e13073e92,3,i25,13.5,
3e13073e92,3,i26,15.0,
3ef9053684,3,i01,16.4,14.73
3ef9053684,3,i02,13.05,14.73
3ef9053684,3,i03,12.58,13.29
3ef9053684,3,i04,12.66,13.29
3ef9053684,3,i05,17.28,13.29
3ef9053684,3,i06,19.05,15.08
3ef9053684,3,i07,13.8,15.08
3ef9053684,3,i08,13.71,15.08
3ef9053684,3,i09,15.03,15.79
3ef9053684,3,i10,16.3,15.79
3ef9053684,3,i11,16.25,14.28
3ef9053684,3,i12,13.5,14.28
3ef9053684,3,i13,15.5,14.28
3ef9053684,3,i14,12.9,14.28
3ef9053684,3,i15,15.66,14.28
3ef9053684,3,i16,14.01,14.84
3ef9053684,3,i17,15.48,14.84
3ef9053684,3,i18,15.4,14.84
3ef9053684,3,i19,11.35,15.64
3ef9053684,3,i20,16.0,15.64
3ef9053684,3,i21,19.4,15.64
3ef9053684,3,i22,11.83,15.27
3ef9053684,3,i23,18.7,15.27
3ef9053684,3,i24,17.25,
3ef9053684,3,i25,16.0,
3ef9053684,3,i26,14.5,
434196ebd2,1,i01,15.75,14.73
434196ebd2,1,i02,13.7,14.73
434196ebd2,1,i03,16.85,16.51
434196ebd2,1,i04,16.25,16.51
434196ebd2,1,i05,16.3,16.51
434196ebd2,1,i06,14.8,14.88
434196ebd2,1,i07,12.45,14.88
434196ebd2,1,i08,17.35,14.88
434196ebd2,1,i09,15.8,16.26
434196ebd2,1,i10,16.56,16.26
434196ebd2,1,i11,17.5,15.8
434196ebd2,1,i12,16.25,15.8
434196ebd2,1,i13,15.5,15.8
434196ebd2,1,i14,12.4,15.8
434196ebd2,1,i15,19.2,15.8
434196ebd2,1,i16,18.28,17.32
434196ebd2,1,i17,16.9,17.32
434196ebd2,1,i18,15.7,17.32
434196ebd2,1,i19,12.18,15.37
434196ebd2,1,i20,17.0,15.37
434196ebd2,1,i21,16.1,15.37
434196ebd2,1,i22,15.35,16.25
434196ebd2,1,i23,17.14,16.25
434196ebd2,1,i24,16.5,14.73
434196ebd2,1,i25,15.75,14.73
434196ebd2,1,i26,14.75,14.73
47907a9828,1,i01,10.45,12.58
47907a9828,1,i02,14.7,12.58
47907a9828,1,i03,12.45,11.95
47907a9828,1,i04,11.89,11.95
47907a9828,1,i05,10.65,11.95
47907a9828,1,i06,15.4,11.49
47907a9828,1,i07,10.65,11.49
47907a9828,1,i08,9.71,11.49
47907a9828,1,i09,12.9,12.3
47907a9828,1,i10,11.9,12.3
47907a9828,1,i11,14.25,11.3
47907a9828,1,i12,5.5,11.3
47907a9828,1,i13,17.0,11.3
47907a9828,1,i14,8.3,11.3
47907a9828,1,i15,14.3,11.3
47907a9828,1,i16,10.78,8.96
47907a9828,1,i17,7.08,8.96
47907a9828,1,i18,9.14,8.96
47907a9828,1,i19,6.93,8.88
47907a9828,1,i20,6.35,8.88
47907a9828,1,i21,14.63,8.88
47907a9828,1,i22,7.7,8.85
47907a9828,1,i23,10.0,8.85
47907a9828,1,i24,12.25,12.58
47907a9828,1,i25,6.0,12.58
47907a9828,1,i26,13.5,12.58
48d2625e91,2,i01,5.15,8.85
48d2625e91,2,i02,12.55,8.85
48d2625e91,2,i03,7.11,10.83
48d2625e91,2,i04,13.81,10.83
48d2625e91,2,i05,13.06,10.83
48d2625e91,2,i06,15.95,12.03
48d2625e91,2,i07,8.9,12.03
48d2625e91,2,i08,12.54,12.03
48d2625e91,2,i09,10.63,12.53
48d2625e91,2,i10,13.8,12.53
48d2625e91,2,i11,16.0,10.83
48d2625e91,2,i12,4.75,10.83
48d2625e91,2,i13,15.0,10.83
48d2625e91,2,i14,8.95,10.83
48d2625e91,2,i15,12.7,10.83
48d2625e91,2,i16,14.18,11.27
48d2625e91,2,i17,9.3,11.27
48d2625e91,2,i18,8.48,11.27
48d2625e91,2,i19,9.05,10.14
48d2625e91,2,i20,9.55,10.14
48d2625e91,2,i21,12.1,10.14
48d2625e91,2,i22,9.18,10.57
48d2625e91,2,i23,11.95,10.57
48d2625e91,2,i24,15.5,
48d2625e91,2,i25,12.75,
48d2625e91,2,i26,12.5,
4cd873992a,2,i01,11.7,12.45
4cd873992a,2,i02,13.2,12.45
4cd873992a,2,i03,10.55,13.94
4cd873992a,2,i04,16.4,13.94
4cd873992a,2,i05,16.74,13.94
4cd873992a,2,i06,15.3,14.94
4cd873992a,2,i07,12.2,14.94
4cd873992a,2,i08,17.44,14.94
4cd873992a,2,i09,13.28,15.78
4cd873992a,2,i10,17.45,15.78
4cd873992a,2,i11,16.5,11.25
4cd873992a,2,i12,13.75,11.25
4cd873992a,2,i13,17.0,11.25
4cd873992a,2,i14,8.4,11.25
4cd873992a,2,i15,14.1,11.25
4cd873992a,2,i16,16.45,15.0
4cd873992a,2,i17,14.1,15.0
4cd873992a,2,i18,13.34,15.0
4cd873992a,2,i19,11.75,12.24
4cd873992a,2,i20,11.9,12.24
4cd873992a,2,i21,13.25,12.24
4cd873992a,2,i22,16.5,16.88
4cd873992a,2,i23,17.25,16.88
4cd873992a,2,i24,17.0,
4cd873992a,2,i25,14.5,
4cd873992a,2,i26,14.0,
4dd0639d1d,3,i01,11.28,9.04
4dd0639d1d,3,i02,6.8,9.04
4dd0639d1d,3,i03,4.73,9.06
4dd0639d1d,3,i04,11.63,9.06
4dd0639d1d,3,i05,14.33,9.06
4dd0639d1d,3,i06,14.5,9.62
4dd0639d1d,3,i07,7.1,9.62
4dd0639d1d,3,i08,8.88,9.62
4dd0639d1d,3,i09,10.75,11.25
4dd0639d1d,3,i10,11.58,11.25
4dd0639d1d,3,i11,12.25,11.17
4dd0639d1d,3,i12,11.75,11.17
4dd0639d1d,3,i13,14.0,11.17
4dd0639d1d,3,i14,9.45,11.17
4dd0639d1d,3,i15,12.88,11.17
4dd0639d1d,3,i16,9.86,12.4
4dd0639d1d,3,i17,13.9,12.4
4dd0639d1d,3,i18,15.55,12.4
4dd0639d1d,3,i19,6.95,9.34
4dd0639d1d,3,i20,11.5,9.34
4dd0639d1d,3,i21,8.5,9.34
4dd0639d1d,3,i22,7.53,9.99
4dd0639d1d,3,i23,12.45,9.99
4dd0639d1d,3,i24,13.75,
4dd0639d1d,3,i25,16.0,
4dd0639d1d,3,i26,13.5,
4df3c396bf,1,i01,9.6,10.85
4df3c396bf,1,i02,12.1,10.85
4df3c396bf,1,i03,9.53,10.47
4df3c396bf,1,i04,12.28,10.47
4df3c396bf,1,i05,7.85,10.47
4df3c396bf,1,i06,11.3,9.86
4df3c396bf,1,i07,9.8,9.86
4df3c396bf,1,i08,8.95,9.86
4df3c396bf,1,i09,9.88,10.55
4df3c396bf,1,i10,11.0,10.55
4df3c396bf,1,i11,11.75,12.25
4df3c396bf,1,i12,5.0,12.25
4df3c396bf,1,i13,15.75,12.25
4df3c396bf,1,i14,11.1,12.25
4df3c396bf,1,i15,13.4,12.25
4df3c396bf,1,i16,11.05,8.15
4df3c396bf,1,i17,4.93,8.15
4df3c396bf,1,i18,9.1,8.15
4df3c396bf,1,i19,6.33,7.67
4df3c396bf,1,i20,5.13,7.67
4df3c396bf,1,i21,12.83,7.67
4df3c396bf,1,i22,8.19,10.05
4df3c396bf,1,i23,11.91,10.05
4df3c396bf,1,i24,10.5,10.85
4df3c396bf,1,i25,8.5,10.85
4df3c396bf,1,i26,12.75,10.85
55d6417222,2,i01,6.5,7.33
55d6417222,2,i02,8.15,7.33
55d6417222,2,i03,7.98,11.52
55d6417222,2,i04,13.63,11.52
55d6417222,2,i05,15.83,11.52
55d6417222,2,i06,13.7,11.31
55d6417222,2,i07,8.13,11.31
55d6417222,2,i08,12.89,11.31
55d6417222,2,i09,11.38,13.15
55d6417222,2,i10,14.33,13.15
55d6417222,2,i11,17.25,11.97
55d6417222,2,i12,12.0,11.97
55d6417222,2,i13,13.5,11.97
55d6417222,2,i14,14.55,11.97
55d6417222,2,i15,9.38,11.97
55d6417222,2,i16,14.35,10.91
55d6417222,2,i17,6.5,10.91
55d6417222,2,i18,13.83,10.91
55d6417222,2,i19,13.58,10.72
55d6417222,2,i20,8.35,10.72
55d6417222,2,i21,11.4,10.72
55d6417222,2,i22,10.05,12.5
55d6417222,2,i23,14.95,12.5
55d6417222,2,i24,14.5,
55d6417222,2,i25,12.0,
55d6417222,2,i26,12.5,
55daaad14b,3,i01,13.2,11.1
55daaad14b,3,i02,9.0,11.1
55daaad14b,3,i03,10.65,13.63
55daaad14b,3,i04,15.51,13.63
55daaad14b,3,i05,16.94,13.63
55daaad14b,3,i06,18.35,14.95
55daaad14b,3,i07,12.63,14.95
55daaad14b,3,i08,15.0,14.95
55daaad14b,3,i09,12.88,13.64
55daaad14b,3,i10,14.15,13.64
55daaad14b,3,i11,13.0,11.75
55daaad14b,3,i12,13.75,11.75
55daaad14b,3,i13,14.5,11.75
55daaad14b,3,i14,11.2,11.75
55daaad14b,3,i15,12.3,11.75
55daaad14b,3,i16,12.78,14.97
55daaad14b,3,i17,16.65,14.97
55daaad14b,3,i18,16.5,14.97
55daaad14b,3,i19,8.53,14.67
55daaad14b,3,i20,17.3,14.67
55daaad14b,3,i21,16.85,14.67
55daaad14b,3,i22,16.54,17.52
55daaad14b,3,i23,18.5,17.52
55daaad14b,3,i24,15.0,
55daaad14b,3,i25,15.25,
55daaad14b,3,i26,15.5,
5875677636,3,i01,13.95,13.48
5875677636,3,i02,13.0,13.48
5875677636,3,i03,8.25,11.92
5875677636,3,i04,13.71,11.92
5875677636,3,i05,17.58,11.92
5875677636,3,i06,16.05,15.28
5875677636,3,i07,14.55,15.28
5875677636,3,i08,15.5,15.28
5875677636,3,i09,16.4,16.51
5875677636,3,i10,16.58,16.51
5875677636,3,i11,18.75,13.95
5875677636,3,i12,13.75,13.95
5875677636,3,i13,14.25,13.95
5875677636,3,i14,13.5,13.95
5875677636,3,i15,14.4,13.95
5875677636,3,i16,12.69,14.87
5875677636,3,i17,16.7,14.87
5875677636,3,i18,15.9,14.87
5875677636,3,i19,16.83,16.42
5875677636,3,i20,16.43,16.42
5875677636,3,i21,16.0,16.42
5875677636,3,i22,13.86,14.95
5875677636,3,i23,16.03,14.95
5875677636,3,i24,19.0,
5875677636,3,i25,15.5,
5875677636,3,i26,17.5,
5abd95eb6d,3,i01,14.35,12.85
5abd95eb6d,3,i02,11.35,12.85
5abd95eb6d,3,i03,9.2,11.35
5abd95eb6d,3,i04,12.24,11.35
5abd95eb6d,3,i05,15.13,11.35
5abd95eb6d,3,i06,16.7,14.09
5abd95eb6d,3,i07,13.15,14.09
5abd95eb6d,3,i08,13.28,14.09
5abd95eb6d,3,i09,15.25,13.48
5abd95eb6d,3,i10,12.3,13.48
5abd95eb6d,3,i11,16.5,11.79
5abd95eb6d,3,i12,11.0,11.79
5abd95eb6d,3,i13,13.5,11.79
5abd95eb6d,3,i14,10.75,11.79
5abd95eb6d,3,i15,12.83,11.79
5abd95eb6d,3,i16,10.83,13.15
5abd95eb6d,3,i17,14.53,13.15
5abd95eb6d,3,i18,16.0,13.15
5abd95eb6d,3,i19,12.98,12.01
5abd95eb6d,3,i20,11.08,12.01
5abd95eb6d,3,i21,12.45,12.01
5abd95eb6d,3,i22,14.5,15.58
5abd95eb6d,3,i23,16.65,15.58
5abd95eb6d,3,i24,16.75,
5abd95eb6d,3,i25,15.5,
5abd95eb6d,3,i26,15.0,
5e305db688,1,i01,14.35,13.13
5e305db688,1,i02,11.9,13.13
5e305db688,1,i03,14.05,13.31
5e305db688,1,i04,12.46,13.31
5e305db688,1,i05,13.65,13.31
5e305db688,1,i06,13.4,13.14
5e305db688,1,i07,10.35,13.14
5e305db688,1,i08,15.76,13.14
5e305db688,1,i09,12.93,13.94
5e305db688,1,i10,14.61,13.94
5e305db688,1,i11,14.5,14.9
5e305db688,1,i12,9.25,14.9
5e305db688,1,i13,16.25,14.9
5e305db688,1,i14,12.7,14.9
5e305db688,1,i15,17.1,14.9
5e305db688,1,i16,14.05,14.03
5e305db688,1,i17,14.1,14.03
5e305db688,1,i18,13.73,14.03
5e305db688,1,i19,11.15,12.66
5e305db688,1,i20,12.48,12.66
5e305db688,1,i21,14.45,12.66
5e305db688,1,i22,14.59,15.59
5e305db688,1,i23,16.59,15.59
5e305db688,1,i24,14.0,13.13
5e305db688,1,i25,17.25,13.13
5e305db688,1,i26,18.5,13.13
6142cdd0be,3,i01,13.13,12.19
6142cdd0be,3,i02,11.25,12.19
6142cdd0be,3,i03,10.78,10.38
6142cdd0be,3,i04,9.35,10.38
6142cdd0be,3,i05,12.24,10.38
6142cdd0be,3,i06,12.4,11.33
6142cdd0be,3,i07,9.1,11.33
6142cdd0be,3,i08,12.85,11.33
6142cdd0be,3,i09,12.7,12.63
6142cdd0be,3,i10,12.58,12.63
6142cdd0be,3,i11,16.5,11.55
6142cdd0be,3,i12,9.0,11.55
6142cdd0be,3,i13,12.5,11.55
6142cdd0be,3,i14,11.35,11.55
6142cdd0be,3,i15,11.75,11.55
6142cdd0be,3,i16,10.06,11.31
6142cdd0be,3,i17,11.78,11.31
6142cdd0be,3,i18,13.65,11.31
6142cdd0be,3,i19,11.7,11.43
6142cdd0be,3,i20,9.48,11.43
6142cdd0be,3,i21,14.1,11.43
6142cdd0be,3,i22,7.95,11.38
6142cdd0be,3,i23,14.8,11.38
6142cdd0be,3,i24,16.25,
6142cdd0be,3,i25,11.5,
6142cdd0be,3,i26,14.0,
653e10882f,2,i01,13.15,10.58
653e10882f,2,i02,8.0,10.58
653e10882f,2,i03,6.73,10.35
653e10882f,2,i04,12.46,10.35
653e10882f,2,i05,14.89,10.35
653e10882f,2,i06,10.95,13.09
653e10882f,2,i07,10.7,13.09
653e10882f,2,i08,16.91,13.09
653e10882f,2,i09,12.85,13.41
653e10882f,2,i10,13.79,13.41
653e10882f,2,i11,16.5,8.62
653e10882f,2,i12,11.5,8.62
653e10882f,2,i13,17.0,8.62
653e10882f,2,i14,4.75,8.62
653e10882f,2,i15,12.48,8.62
653e10882f,2,i16,17.3,13.99
653e10882f,2,i17,10.5,13.99
653e10882f,2,i18,14.55,13.99
653e10882f,2,i19,8.5,12.7
653e10882f,2,i20,12.6,12.7
653e10882f,2,i21,17.05,12.7
653e10882f,2,i22,13.49,15.3
653e10882f,2,i23,17.1,15.3
653e10882f,2,i24,15.75,
653e10882f,2,i25,14.5,
653e10882f,2,i26,16.25,
67f284cb08,3,i01,13.6,12.68
67f284cb08,3,i02,11.75,12.68
67f284cb08,3,i03,14.83,14.96
67f284cb08,3,i04,14.09,14.96
67f284cb08,3,i05,17.99,14.96
67f284cb08,3,i06,14.0,15.72
67f284cb08,3,i07,16.53,15.72
67f284cb08,3,i08,16.05,15.72
67f284cb08,3,i09,14.33,14.48
67f284cb08,3,i10,14.58,14.48
67f284cb08,3,i11,18.0,10.68
67f284cb08,3,i12,12.0,10.68
67f284cb08,3,i13,16.0,10.68
67f284cb08,3,i14,8.35,10.68
67f284cb08,3,i15,13.0,10.68
67f284cb08,3,i16,13.4,14.1
67f284cb08,3,i17,13.99,14.1
67f284cb08,3,i18,16.5,14.1
67f284cb08,3,i19,8.05,11.28
67f284cb08,3,i20,12.88,11.28
67f284cb08,3,i21,12.1,11.28
67f284cb08,3,i22,15.36,16.4
67f284cb08,3,i23,17.43,16.4
67f284cb08,3,i24,18.88,
67f284cb08,3,i25,16.5,
67f284cb08,3,i26,15.0,
6f5d46f98b,3,i01,8.43,9.09
6f5d46f98b,3,i02,9.75,9.09
6f5d46f98b,3,i03,8.5,11.06
6f5d46f98b,3,i04,12.55,11.06
6f5d46f98b,3,i05,14.25,11.06
6f5d46f98b,3,i06,16.35,11.37
6f5d46f98b,3,i07,8.9,11.37
6f5d46f98b,3,i08,10.53,11.37
6f5d46f98b,3,i09,11.05,11.97
6f5d46f98b,3,i10,12.58,11.97
6f5d46f98b,3,i11,13.0,13.25
6f5d46f98b,3,i12,8.25,13.25
6f5d46f98b,3,i13,13.5,13.25
6f5d46f98b,3,i14,11.4,13.25
6f5d46f98b,3,i15,15.1,13.25
6f5d46f98b,3,i16,11.51,12.33
6f5d46f98b,3,i17,12.65,12.33
6f5d46f98b,3,i18,13.85,12.33
6f5d46f98b,3,i19,10.33,11.77
6f5d46f98b,3,i20,10.48,11.77
6f5d46f98b,3,i21,15.15,11.77
6f5d46f98b,3,i22,7.98,10.87
6f5d46f98b,3,i23,13.75,10.87
6f5d46f98b,3,i24,13.5,
6f5d46f98b,3,i25,12.5,
6f5d46f98b,3,i26,16.0,
71df80b20e,1,i01,10.38,9.44
71df80b20e,1,i02,8.5,9.44
71df80b20e,1,i03,7.35,10.77
71df80b20e,1,i04,13.2,10.77
71df80b20e,1,i05,13.75,10.77
71df80b20e,1,i06,10.2,13.27
71df80b20e,1,i07,10.7,13.27
71df80b20e,1,i08,17.89,13.27
71df80b20e,1,i09,11.93,13.02
71df80b20e,1,i10,13.75,13.02
71df80b20e,1,i11,13.75,12.95
71df80b20e,1,i12,13.0,12.95
71df80b20e,1,i13,16.75,12.95
71df80b20e,1,i14,9.3,12.95
71df80b20e,1,i15,16.6,12.95
71df80b20e,1,i16,13.25,12.66
71df80b20e,1,i17,12.2,12.66
71df80b20e,1,i18,12.24,12.66
71df80b20e,1,i19,7.15,10.21
71df80b20e,1,i20,11.6,10.21
71df80b20e,1,i21,11.2,10.21
71df80b20e,1,i22,9.83,11.27
71df80b20e,1,i23,12.71,11.27
71df80b20e,1,i24,10.75,9.44
71df80b20e,1,i25,12.5,9.44
71df80b20e,1,i26,15.5,9.44
7cd21fad50,3,i01,8.7,9.8
7cd21fad50,3,i02,10.9,9.8
7cd21fad50,3,i03,7.13,10.77
7cd21fad50,3,i04,12.44,10.77
7cd21fad50,3,i05,16.71,10.77
7cd21fad50,3,i06,10.4,10.85
7cd21fad50,3,i07,10.78,10.85
7cd21fad50,3,i08,11.23,10.85
7cd21fad50,3,i09,14.03,13.85
7cd21fad50,3,i10,13.73,13.85
7cd21fad50,3,i11,15.75,9.79
7cd21fad50,3,i12,10.5,9.79
7cd21fad50,3,i13,13.0,9.79
7cd21fad50,3,i14,8.65,9.79
7cd21fad50,3,i15,10.93,9.79
7cd21fad50,3,i16,12.54,12.67
7cd21fad50,3,i17,12.9,12.67
7cd21fad50,3,i18,12.35,12.67
7cd21fad50,3,i19,9.53,9.47
7cd21fad50,3,i20,8.25,9.47
7cd21fad50,3,i21,11.25,9.47
7cd21fad50,3,i22,9.91,12.18
7cd21fad50,3,i23,14.45,12.18
7cd21fad50,3,i24,15.5,
7cd21fad50,3,i25,14.5,
7cd21fad50,3,i26,17.5,
7db94d469a,3,i01,13.6,12.18
7db94d469a,3,i02,10.75,12.18
7db94d469a,3,i03,8.83,10.35
7db94d469a,3,i04,10.53,10.35
7db94d469a,3,i05,14.34,10.35
7db94d469a,3,i06,13.2,13.29
7db94d469a,3,i07,13.73,13.29
7db94d469a,3,i08,12.9,13.29
7db94d469a,3,i09,12.15,12.24
7db94d469a,3,i10,12.3,12.24
7db94d469a,3,i11,15.5,10.99
7db94d469a,3,i12,10.75,10.99
7db94d469a,3,i13,13.5,10.99
7db94d469a,3,i14,11.3,10.99
7db94d469a,3,i15,10.68,10.99
7db94d469a,3,i16,10.63,11.74
7db94d469a,3,i17,11.59,11.74
7db94d469a,3,i18,15.55,11.74
7db94d469a,3,i19,13.45,13.68
7db94d469a,3,i20,11.78,13.68
7db94d469a,3,i21,16.75,13.68
7db94d469a,3,i22,11.56,13.48
7db94d469a,3,i23,15.4,13.48
7db94d469a,3,i24,16.5,
7db94d469a,3,i25,14.5,
7db94d469a,3,i26,15.0,
7f0c0b18d4,3,i01,9.68,9.34
7f0c0b18d4,3,i02,9.0,9.34
7f0c0b18d4,3,i03,6.4,10.54
7f0c0b18d4,3,i04,13.94,10.54
7f0c0b18d4,3,i05,12.78,10.54
7f0c0b18d4,3,i06,11.95,12.49
7f0c0b18d4,3,i07,12.55,12.49
7f0c0b18d4,3,i08,12.8,12.49
7f0c0b18d4,3,i09,12.15,13.26
7f0c0b18d4,3,i10,14.0,13.26
7f0c0b18d4,3,i11,17.75,11.39
7f0c0b18d4,3,i12,9.5,11.39
7f0c0b18d4,3,i13,13.5,11.39
7f0c0b18d4,3,i14,10.3,11.39
7f0c0b18d4,3,i15,12.48,11.39
7f0c0b18d4,3,i16,6.15,12.26
7f0c0b18d4,3,i17,17.39,12.26
7f0c0b18d4,3,i18,15.2,12.26
7f0c0b18d4,3,i19,12.3,11.83
7f0c0b18d4,3,i20,12.43,11.83
7f0c0b18d4,3,i21,10.45,11.83
7f0c0b18d4,3,i22,7.75,10.89
7f0c0b18d4,3,i23,14.03,10.89
7f0c0b18d4,3,i24,16.75,
7f0c0b18d4,3,i25,13.25,
7f0c0b18d4,3,i26,17.5,
7fef22eb4d,2,i01,16.75,14.63
7fef22eb4d,2,i02,12.5,14.63
7fef22eb4d,2,i03,12.71,13.75
7fef22eb4d,2,i04,14.53,13.75
7fef22eb4d,2,i05,14.53,13.75
7fef22eb4d,2,i06,16.05,14.24
7fef22eb4d,2,i07,11.45,14.24
7fef22eb4d,2,i08,15.83,14.24
7fef22eb4d,2,i09,15.0,15.74
7fef22eb4d,2,i10,16.23,15.74
7fef22eb4d,2,i11,15.0,16.82
7fef22eb4d,2,i12,10.0,16.82
7fef22eb4d,2,i13,15.25,16.82
7fef22eb4d,2,i14,17.75,16.82
7fef22eb4d,2,i15,15.88,16.82
7fef22eb4d,2,i16,15.65,14.69
7fef22eb4d,2,i17,14.6,14.69
7fef22eb4d,2,i18,12.1,14.69
7fef22eb4d,2,i19,13.73,14.17
7fef22eb4d,2,i20,12.95,14.17
7fef22eb4d,2,i21,16.45,14.17
7fef22eb4d,2,i22,16.31,16.53
7fef22eb4d,2,i23,16.75,16.53
7fef22eb4d,2,i24,16.0,
7fef22eb4d,2,i25,14.5,
7fef22eb4d,2,i26,17.25,
804c1c8786,1,i01,12.3,13.2
804c1c8786,1,i02,14.1,13.2
804c1c8786,1,i03,11.15,10.79
804c1c8786,1,i04,11.04,10.79
804c1c8786,1,i05,8.95,10.79
804c1c8786,1,i06,11.35,11.3
804c1c8786,1,i07,8.95,11.3
804c1c8786,1,i08,13.61,11.3
804c1c8786,1,i09,12.28,12.16
804c1c8786,1,i10,12.08,12.16
804c1c8786,1,i11,14.75,10.2
804c1c8786,1,i12,10.25,10.2
804c1c8786,1,i13,14.5,10.2
804c1c8786,1,i14,7.6,10.2
804c1c8786,1,i15,12.8,10.2
804c1c8786,1,i16,11.78,12.49
804c1c8786,1,i17,13.21,12.49
804c1c8786,1,i18,12.46,12.49
804c1c8786,1,i19,8.88,10.14
804c1c8786,1,i20,8.65,10.14
804c1c8786,1,i21,13.65,10.14
804c1c8786,1,i22,8.63,10.56
804c1c8786,1,i23,12.49,10.56
804c1c8786,1,i24,11.75,13.2
804c1c8786,1,i25,8.5,13.2
804c1c8786,1,i26,15.0,13.2
830b586066,2,i01,14.53,14.14
830b586066,2,i02,13.75,14.14
830b586066,2,i03,12.98,12.61
830b586066,2,i04,12.24,12.61
830b586066,2,i05,12.64,12.61
830b586066,2,i06,14.3,14.0
830b586066,2,i07,11.65,14.0
830b586066,2,i08,16.16,14.0
830b586066,2,i09,14.25,14.36
830b586066,2,i10,14.44,14.36
830b586066,2,i11,16.75,11.6
830b586066,2,i12,10.5,11.6
830b586066,2,i13,10.5,11.6
830b586066,2,i14,9.3,11.6
830b586066,2,i15,13.9,11.6
830b586066,2,i16,14.73,13.07
830b586066,2,i17,10.98,13.07
830b586066,2,i18,14.35,13.07
830b586066,2,i19,12.95,12.79
830b586066,2,i20,12.4,12.79
830b586066,2,i21,13.2,12.79
830b586066,2,i22,12.73,14.34
830b586066,2,i23,15.95,14.34
830b586066,2,i24,17.0,
830b586066,2,i25,14.0,
830b586066,2,i26,12.5,
836ccfd23c,3,i01,11.83,11.64
836ccfd23c,3,i02,11.45,11.64
836ccfd23c,3,i03,6.1,9.29
836ccfd23c,3,i04,10.58,9.29
836ccfd23c,3,i05,15.0,9.29
836ccfd23c,3,i06,16.2,13.62
836ccfd23c,3,i07,10.08,13.62
836ccfd23c,3,i08,15.45,13.62
836ccfd23c,3,i09,14.9,12.65
836ccfd23c,3,i10,11.15,12.65
836ccfd23c,3,i11,14.5,12.25
836ccfd23c,3,i12,11.75,12.25
836ccfd23c,3,i13,16.25,12.25
836ccfd23c,3,i14,9.8,12.25
836ccfd23c,3,i15,14.7,12.25
836ccfd23c,3,i16,10.29,12.25
836ccfd23c,3,i17,12.93,12.25
836ccfd23c,3,i18,16.1,12.25
836ccfd23c,3,i19,9.3,12.35
836ccfd23c,3,i20,11.85,12.35
836ccfd23c,3,i21,16.15,12.35
836ccfd23c,3,i22,11.54,14.09
836ccfd23c,3,i23,16.63,14.09
836ccfd23c,3,i24,16.25,
836ccfd23c,3,i25,14.0,
836ccfd23c,3,i26,15.5,
846e0bdf8f,2,i01,5.55,6.33
846e0bdf8f,2,i02,7.1,6.33
846e0bdf8f,2,i03,11.65,12.88
846e0bdf8f,2,i04,13.74,12.88
846e0bdf8f,2,i05,13.98,12.88
846e0bdf8f,2,i06,13.3,10.01
846e0bdf8f,2,i07,7.28,10.01
846e0bdf8f,2,i08,10.55,10.01
846e0bdf8f,2,i09,8.58,11.8
846e0bdf8f,2,i10,13.94,11.8
846e0bdf8f,2,i11,14.75,5.6
846e0bdf8f,2,i12,6.5,5.6
846e0bdf8f,2,i13,13.5,5.6
846e0bdf8f,2,i14,3.9,5.6
846e0bdf8f,2,i15,7.3,5.6
846e0bdf8f,2,i16,13.58,11.45
846e0bdf8f,2,i17,8.35,11.45
846e0bdf8f,2,i18,14.33,11.45
846e0bdf8f,2,i19,7.25,7.99
846e0bdf8f,2,i20,7.15,7.99
846e0bdf8f,2,i21,10.0,7.99
846e0bdf8f,2,i22,13.03,11.04
846e0bdf8f,2,i23,9.05,11.04
846e0bdf8f,2,i24,16.25,
846e0bdf8f,2,i25,14.0,
846e0bdf8f,2,i26,15.25,
852ab9138c,3,i01,10.75,11.48
852ab9138c,3,i02,12.2,11.48
852ab9138c,3,i03,13.45,14.04
852ab9138c,3,i04,13.18,14.04
852ab9138c,3,i05,18.41,14.04
852ab9138c,3,i06,14.6,14.09
852ab9138c,3,i07,13.2,14.09
852ab9138c,3,i08,14.65,14.09
852ab9138c,3,i09,14.98,13.45
852ab9138c,3,i10,12.43,13.45
852ab9138c,3,i11,17.0,14.42
852ab9138c,3,i12,9.5,14.42
852ab9138c,3,i13,15.0,14.42
852ab9138c,3,i14,13.15,14.42
852ab9138c,3,i15,15.68,14.42
852ab9138c,3,i16,11.66,13.75
852ab9138c,3,i17,15.14,13.75
852ab9138c,3,i18,15.85,13.75
852ab9138c,3,i19,11.8,13.92
852ab9138c,3,i20,14.48,13.92
852ab9138c,3,i21,15.2,13.92
852ab9138c,3,i22,11.81,14.52
852ab9138c,3,i23,17.23,14.52
852ab9138c,3,i24,18.0,
852ab9138c,3,i25,15.5,
852ab9138c,3,i26,15.0,
8ce5772488,2,i01,11.6,13.3
8ce5772488,2,i02,15.0,13.3
8ce5772488,2,i03,14.7,15.31
8ce5772488,2,i04,15.84,15.31
8ce5772488,2,i05,15.55,15.31
8ce5772488,2,i06,16.05,13.74
8ce5772488,2,i07,10.9,13.74
8ce5772488,2,i08,15.05,13.74
8ce5772488,2,i09,12.35,15.11
8ce5772488,2,i10,16.95,15.11
8ce5772488,2,i11,14.0,13.03
8ce5772488,2,i12,12.25,13.03
8ce5772488,2,i13,15.0,13.03
8ce5772488,2,i14,12.9,13.03
8ce5772488,2,i15,13.15,13.03
8ce5772488,2,i16,17.7,16.4
8ce5772488,2,i17,14.38,16.4
8ce5772488,2,i18,18.56,16.4
8ce5772488,2,i19,17.75,14.44
8ce5772488,2,i20,12.3,14.44
8ce5772488,2,i21,14.35,14.44
8ce5772488,2,i22,15.31,14.99
8ce5772488,2,i23,14.66,14.99
8ce5772488,2,i24,16.75,
8ce5772488,2,i25,14.5,
8ce5772488,2,i26,13.0,
9365755e6a,2,i01,6.2,7.3
9365755e6a,2,i02,8.4,7.3
9365755e6a,2,i03,2.46,8.41
9365755e6a,2,i04,12.69,8.41
9365755e6a,2,i05,13.4,8.41
9365755e6a,2,i06,13.3,10.58
9365755e6a,2,i07,9.35,10.58
9365755e6a,2,i08,9.99,10.58
9365755e6a,2,i09,12.23,11.82
9365755e6a,2,i10,11.55,11.82
9365755e6a,2,i11,14.0,10.83
9365755e6a,2,i12,7.25,10.83
9365755e6a,2,i13,10.5,10.83
9365755e6a,2,i14,8.4,10.83
9365755e6a,2,i15,13.25,10.83
9365755e6a,2,i16,14.88,11.71
9365755e6a,2,i17,8.63,11.71
9365755e6a,2,i18,11.44,11.71
9365755e6a,2,i19,9.83,10.61
9365755e6a,2,i20,10.1,10.61
9365755e6a,2,i21,12.15,10.61
9365755e6a,2,i22,7.26,9.46
9365755e6a,2,i23,11.65,9.46
9365755e6a,2,i24,14.5,
9365755e6a,2,i25,12.5,
9365755e6a,2,i26,17.0,
95fa2e3af5,3,i01,14.53,12.97
95fa2e3af5,3,i02,11.4,12.97
95fa2e3af5,3,i03,7.73,11.24
95fa2e3af5,3,i04,12.46,11.24
95fa2e3af5,3,i05,18.13,11.24
95fa2e3af5,3,i06,17.2,14.47
95fa2e3af5,3,i07,14.4,14.47
95fa2e3af5,3,i08,12.73,14.47
95fa2e3af5,3,i09,14.28,13.51
95fa2e3af5,3,i10,13.0,13.51
95fa2e3af5,3,i11,16.0,13.37
95fa2e3af5,3,i12,13.75,13.37
95fa2e3af5,3,i13,13.5,13.37
95fa2e3af5,3,i14,12.55,13.37
95fa2e3af5,3,i15,14.18,13.37
95fa2e3af5,3,i16,12.89,14.71
95fa2e3af5,3,i17,15.88,14.71
95fa2e3af5,3,i18,16.65,14.71
95fa2e3af5,3,i19,11.08,12.38
95fa2e3af5,3,i20,10.2,12.38
95fa2e3af5,3,i21,16.95,12.38
95fa2e3af5,3,i22,14.48,15.79
95fa2e3af5,3,i23,17.1,15.79
95fa2e3af5,3,i24,16.25,
95fa2e3af5,3,i25,17.0,
95fa2e3af5,3,i26,16.5,
9665e69ace,2,i01,14.18,13.14
9665e69ace,2,i02,12.1,13.14
9665e69ace,2,i03,10.68,11.4
9665e69ace,2,i04,10.59,11.4
9665e69ace,2,i05,16.01,11.4
9665e69ace,2,i06,14.3,14.0
9665e69ace,2,i07,11.6,14.0
9665e69ace,2,i08,16.2,14.0
9665e69ace,2,i09,13.38,15.23
9665e69ace,2,i10,16.46,15.23
9665e69ace,2,i11,11.75,10.19
9665e69ace,2,i12,9.5,10.19
9665e69ace,2,i13,14.5,10.19
9665e69ace,2,i14,7.6,10.19
9665e69ace,2,i15,12.78,10.19
9665e69ace,2,i16,14.55,13.24
9665e69ace,2,i17,12.88,13.24
9665e69ace,2,i18,10.41,13.24
9665e69ace,2,i19,11.13,12.04
9665e69ace,2,i20,9.3,12.04
9665e69ace,2,i21,17.05,12.04
9665e69ace,2,i22,11.69,13.72
9665e69ace,2,i23,15.75,13.72
9665e69ace,2,i24,13.5,
9665e69ace,2,i25,15.0,
9665e69ace,2,i26,15.0,
96ba1685d8,3,i01,11.78,11.12
96ba1685d8,3,i02,10.45,11.12
96ba1685d8,3,i03,8.38,11.65
96ba1685d8,3,i04,12.81,11.65
96ba1685d8,3,i05,17.98,11.65
96ba1685d8,3,i06,15.35,14.56
96ba1685d8,3,i07,13.38,14.56
96ba1685d8,3,i08,15.2,14.56
96ba1685d8,3,i09,16.6,17.19
96ba1685d8,3,i10,17.58,17.19
96ba1685d8,3,i11,18.0,13.67
96ba1685d8,3,i12,13.25,13.67
96ba1685d8,3,i13,14.5,13.67
96ba1685d8,3,i14,11.8,13.67
96ba1685d8,3,i15,15.53,13.67
96ba1685d8,3,i16,12.4,14.11
96ba1685d8,3,i17,15.43,14.11
96ba1685d8,3,i18,15.3,14.11
96ba1685d8,3,i19,16.15,15.03
96ba1685d8,3,i20,12.98,15.03
96ba1685d8,3,i21,17.0,15.03
96ba1685d8,3,i22,11.6,14.29
96ba1685d8,3,i23,16.98,14.29
96ba1685d8,3,i24,18.0,
96ba1685d8,3,i25,16.25,
96ba1685d8,3,i26,17.5,
97110a6eb2,1,i01,11.13,9.87
97110a6eb2,1,i02,8.6,9.87
97110a6eb2,1,i03,10.48,11.54
97110a6eb2,1,i04,12.56,11.54
97110a6eb2,1,i05,11.65,11.54
97110a6eb2,1,i06,13.85,14.53
97110a6eb2,1,i07,13.6,14.53
97110a6eb2,1,i08,15.9,14.53
97110a6eb2,1,i09,13.4,13.0
97110a6eb2,1,i10,12.74,13.0
97110a6eb2,1,i11,17.75,10.7
97110a6eb2,1,i12,7.5,10.7
97110a6eb2,1,i13,15.5,10.7
97110a6eb2,1,i14,7.5,10.7
97110a6eb2,1,i15,13.9,10.7
97110a6eb2,1,i16,12.5,12.39
97110a6eb2,1,i17,12.08,12.39
97110a6eb2,1,i18,12.96,12.39
97110a6eb2,1,i19,15.58,14.25
97110a6eb2,1,i20,11.65,14.25
97110a6eb2,1,i21,16.83,14.25
97110a6eb2,1,i22,11.03,11.56
97110a6eb2,1,i23,12.09,11.56
97110a6eb2,1,i24,17.0,9.87
97110a6eb2,1,i25,16.0,9.87
97110a6eb2,1,i26,14.5,9.87
97d7a50932,2,i01,15.45,16.28
97d7a50932,2,i02,17.1,16.28
97d7a50932,2,i03,11.6,11.94
97d7a50932,2,i04,11.34,11.94
97d7a50932,2,i05,14.79,11.94
97d7a50932,2,i06,15.3,13.62
97d7a50932,2,i07,10.95,13.62
97d7a50932,2,i08,15.18,13.62
97d7a50932,2,i09,11.15,13.31
97d7a50932,2,i10,14.75,13.31
97d7a50932,2,i11,14.5,14.47
97d7a50932,2,i12,10.0,14.47
97d7a50932,2,i13,14.5,14.47
97d7a50932,2,i14,13.5,14.47
97d7a50932,2,i15,15.43,14.47
97d7a50932,2,i16,15.65,13.58
97d7a50932,2,i17,11.03,13.58
97d7a50932,2,i18,15.04,13.58
97d7a50932,2,i19,16.88,15.24
97d7a50932,2,i20,13.75,15.24
97d7a50932,2,i21,15.85,15.24
97d7a50932,2,i22,14.34,15.17
97d7a50932,2,i23,16.0,15.17
97d7a50932,2,i24,16.75,
97d7a50932,2,i25,14.5,
97d7a50932,2,i26,17.75,
9c5d6b2d2e,2,i01,11.1,11.03
9c5d6b2d2e,2,i02,10.95,11.03
9c5d6b2d2e,2,i03,7.01,11.5
9c5d6b2d2e,2,i04,14.71,11.5
9c5d6b2d2e,2,i05,15.31,11.5
9c5d6b2d2e,2,i06,15.4,14.69
9c5d6b2d2e,2,i07,13.5,14.69
9c5d6b2d2e,2,i08,15.4,14.69
9c5d6b2d2e,2,i09,13.8,16.22
9c5d6b2d2e,2,i10,17.83,16.22
9c5d6b2d2e,2,i11,17.5,7.74
9c5d6b2d2e,2,i12,14.25,7.74
9c5d6b2d2e,2,i13,14.5,7.74
9c5d6b2d2e,2,i14,6.85,7.74
9c5d6b2d2e,2,i15,8.63,7.74
9c5d6b2d2e,2,i16,16.08,13.17
9c5d6b2d2e,2,i17,10.8,13.17
9c5d6b2d2e,2,i18,11.56,13.17
9c5d6b2d2e,2,i19,7.9,11.58
9c5d6b2d2e,2,i20,12.65,11.58
9c5d6b2d2e,2,i21,13.65,11.58
9c5d6b2d2e,2,i22,13.33,13.13
9c5d6b2d2e,2,i23,12.93,13.13
9c5d6b2d2e,2,i24,16.25,
9c5d6b2d2e,2,i25,15.5,
9c5d6b2d2e,2,i26,12.5,
9fa1824ba2,2,i01,10.0,9.2
9fa1824ba2,2,i02,8.4,9.2
9fa1824ba2,2,i03,7.66,11.11
9fa1824ba2,2,i04,13.74,11.11
9fa1824ba2,2,i05,13.59,11.11
9fa1824ba2,2,i06,17.9,12.53
9fa1824ba2,2,i07,6.25,12.53
9fa1824ba2,2,i08,15.23,12.53
9fa1824ba2,2,i09,11.05,11.76
9fa1824ba2,2,i10,12.23,11.76
9fa1824ba2,2,i11,16.5,9.65
9fa1824ba2,2,i12,5.5,9.65
9fa1824ba2,2,i13,13.75,9.65
9fa1824ba2,2,i14,10.8,9.65
9fa1824ba2,2,i15,8.5,9.65
9fa1824ba2,2,i16,16.8,12.39
9fa1824ba2,2,i17,8.04,12.39
9fa1824ba2,2,i18,12.2,12.39
9fa1824ba2,2,i19,7.6,9.61
9fa1824ba2,2,i20,8.95,9.61
9fa1824ba2,2,i21,12.6,9.61
9fa1824ba2,2,i22,12.39,13.3
9fa1824ba2,2,i23,14.2,13.3
9fa1824ba2,2,i24,17.5,
9fa1824ba2,2,i25,12.0,
9fa1824ba2,2,i26,13.5,
a217808030,2,i01,10.63,10.02
a217808030,2,i02,9.4,10.02
a217808030,2,i03,8.46,10.89
a217808030,2,i04,12.5,10.89
a217808030,2,i05,13.35,10.89
a217808030,2,i06,10.95,11.68
a217808030,2,i07,10.55,11.68
a217808030,2,i08,13.29,11.68
a217808030,2,i09,12.18,13.87
a217808030,2,i10,15.0,13.87
a217808030,2,i11,14.25,8.7
a217808030,2,i12,7.5,8.7
a217808030,2,i13,14.5,8.7
a217808030,2,i14,7.65,8.7
a217808030,2,i15,9.75,8.7
a217808030,2,i16,14.18,12.89
a217808030,2,i17,11.75,12.89
a217808030,2,i18,12.41,12.89
a217808030,2,i19,6.68,9.5
a217808030,2,i20,10.95,9.5
a217808030,2,i21,10.15,9.5
a217808030,2,i22,9.86,10.71
a217808030,2,i23,11.55,10.71
a217808030,2,i24,16.5,
a217808030,2,i25,14.0,
a217808030,2,i26,11.0,
a42570163e,1,i01,6.4,9.35
a42570163e,1,i02,12.3,9.35
a42570163e,1,i03,11.8,13.11
a42570163e,1,i04,15.35,13.11
a42570163e,1,i05,10.3,13.11
a42570163e,1,i06,13.45,13.0
a42570163e,1,i07,10.05,13.0
a42570163e,1,i08,15.66,13.0
a42570163e,1,i09,14.93,14.64
a42570163e,1,i10,14.45,14.64
a42570163e,1,i11,12.0,10.9
a42570163e,1,i12,12.25,10.9
a42570163e,1,i13,16.5,10.9
a42570163e,1,i14,10.0,10.9
a42570163e,1,i15,11.8,10.9
a42570163e,1,i16,13.15,12.81
a42570163e,1,i17,11.78,12.81
a42570163e,1,i18,14.85,12.81
a42570163e,1,i19,11.03,11.91
a42570163e,1,i20,11.35,11.91
a42570163e,1,i21,13.63,11.91
a42570163e,1,i22,13.89,13.31
a42570163e,1,i23,12.73,13.31
a42570163e,1,i24,14.25,9.35
a42570163e,1,i25,12.5,9.35
a42570163e,1,i26,13.5,9.35
a467c6574a,1,i01,12.65,10.08
a467c6574a,1,i02,7.5,10.08
a467c6574a,1,i03,14.05,12.93
a467c6574a,1,i04,11.43,12.93
a467c6574a,1,i05,14.05,12.93
a467c6574a,1,i06,12.85,13.53
a467c6574a,1,i07,10.45,13.53
a467c6574a,1,i08,17.05,13.53
a467c6574a,1,i09,11.68,12.86
a467c6574a,1,i10,13.65,12.86
a467c6574a,1,i11,14.0,11.65
a467c6574a,1,i12,15.0,11.65
a467c6574a,1,i13,13.75,11.65
a467c6574a,1,i14,9.4,11.65
a467c6574a,1,i15,13.9,11.65
a467c6574a,1,i16,14.53,12.81
a467c6574a,1,i17,11.26,12.81
a467c6574a,1,i18,12.29,12.81
a467c6574a,1,i19,7.5,11.51
a467c6574a,1,i20,14.13,11.51
a467c6574a,1,i21,11.6,11.51
a467c6574a,1,i22,11.75,13.37
a467c6574a,1,i23,14.99,13.37
a467c6574a,1,i24,15.25,10.08
a467c6574a,1,i25,16.75,10.08
a467c6574a,1,i26,14.75,10.08
a78bc06af4,3,i01,11.28,9.09
a78bc06af4,3,i02,6.9,9.09
a78bc06af4,3,i03,8.95,11.86
a78bc06af4,3,i04,13.3,11.86
a78bc06af4,3,i05,16.24,11.86
a78bc06af4,3,i06,10.3,11.89
a78bc06af4,3,i07,9.25,11.89
a78bc06af4,3,i08,15.6,11.89
a78bc06af4,3,i09,12.3,13.16
a78bc06af4,3,i10,13.73,13.16
a78bc06af4,3,i11,17.25,10.35
a78bc06af4,3,i12,7.75,10.35
a78bc06af4,3,i13,15.75,10.35
a78bc06af4,3,i14,8.95,10.35
a78bc06af4,3,i15,11.75,10.35
a78bc06af4,3,i16,11.18,12.85
a78bc06af4,3,i17,13.73,12.85
a78bc06af4,3,i18,15.2,12.85
a78bc06af4,3,i19,9.28,10.72
a78bc06af4,3,i20,9.13,10.72
a78bc06af4,3,i21,14.55,10.72
a78bc06af4,3,i22,8.84,14.05
a78bc06af4,3,i23,19.25,14.05
a78bc06af4,3,i24,15.5,
a78bc06af4,3,i25,14.0,
a78bc06af4,3,i26,15.0,
abbc4a9e5b,2,i01,12.2,12.0
abbc4a9e5b,2,i02,11.8,12.0
abbc4a9e5b,2,i03,10.19,12.3
abbc4a9e5b,2,i04,14.0,12.3
abbc4a9e5b,2,i05,13.55,12.3
abbc4a9e5b,2,i06,15.4,12.25
abbc4a9e5b,2,i07,9.3,12.25
abbc4a9e5b,2,i08,13.09,12.25
abbc4a9e5b,2,i09,12.85,14.59
abbc4a9e5b,2,i10,15.75,14.59
abbc4a9e5b,2,i11,15.5,11.23
abbc4a9e5b,2,i12,11.25,11.23
abbc4a9e5b,2,i13,13.75,11.23
abbc4a9e5b,2,i14,12.2,11.23
abbc4a9e5b,2,i15,10.25,11.23
abbc4a9e5b,2,i16,13.48,12.94
abbc4a9e5b,2,i17,12.6,12.94
abbc4a9e5b,2,i18,12.35,12.94
abbc4a9e5b,2,i19,11.35,13.13
abbc4a9e5b,2,i20,12.7,13.13
abbc4a9e5b,2,i21,15.55,13.13
abbc4a9e5b,2,i22,11.56,12.08
abbc4a9e5b,2,i23,12.6,12.08
abbc4a9e5b,2,i24,16.0,
abbc4a9e5b,2,i25,13.5,
abbc4a9e5b,2,i26,16.5,
ad5b6a3535,1,i01,11.45,12.38
ad5b6a3535,1,i02,13.3,12.38
ad5b6a3535,1,i03,12.2,12.56
ad5b6a3535,1,i04,12.58,12.56
ad5b6a3535,1,i05,13.55,12.56
ad5b6a3535,1,i06,14.85,15.05
ad5b6a3535,1,i07,14.6,15.05
ad5b6a3535,1,i08,15.64,15.05
ad5b6a3535,1,i09,13.53,15.27
ad5b6a3535,1,i10,16.43,15.27
ad5b6a3535,1,i11,13.0,11.6
ad5b6a3535,1,i12,9.0,11.6
ad5b6a3535,1,i13,16.5,11.6
ad5b6a3535,1,i14,9.6,11.6
ad5b6a3535,1,i15,13.6,11.6
ad5b6a3535,1,i16,14.68,13.88
ad5b6a3535,1,i17,12.44,13.88
ad5b6a3535,1,i18,15.81,13.88
ad5b6a3535,1,i19,13.1,11.35
ad5b6a3535,1,i20,11.18,11.35
ad5b6a3535,1,i21,9.85,11.35
ad5b6a3535,1,i22,12.98,14.07
ad5b6a3535,1,i23,15.16,14.07
ad5b6a3535,1,i24,11.5,12.38
ad5b6a3535,1,i25,13.5,12.38
ad5b6a3535,1,i26,13.5,12.38
ae7ad44d85,2,i01,5.75,6.73
ae7ad44d85,2,i02,7.7,6.73
ae7ad44d85,2,i03,10.16,12.79
ae7ad44d85,2,i04,14.19,12.79
ae7ad44d85,2,i05,16.48,12.79
ae7ad44d85,2,i06,15.4,11.24
ae7ad44d85,2,i07,6.7,11.24
ae7ad44d85,2,i08,13.01,11.24
ae7ad44d85,2,i09,13.15,13.26
ae7ad44d85,2,i10,13.33,13.26
ae7ad44d85,2,i11,15.0,8.73
ae7ad44d85,2,i12,7.75,8.73
ae7ad44d85,2,i13,16.5,8.73
ae7ad44d85,2,i14,7.4,8.73
ae7ad44d85,2,i15,10.05,8.73
ae7ad44d85,2,i16,13.83,11.06
ae7ad44d85,2,i17,9.3,11.06
ae7ad44d85,2,i18,8.0,11.06
ae7ad44d85,2,i19,9.03,10.54
ae7ad44d85,2,i20,10.45,10.54
ae7ad44d85,2,i21,12.2,10.54
ae7ad44d85,2,i22,11.71,14.23
ae7ad44d85,2,i23,16.75,14.23
ae7ad44d85,2,i24,17.25,
ae7ad44d85,2,i25,12.75,
ae7ad44d85,2,i26,12.0,
afaf20ddb8,1,i01,12.65,14.08
afaf20ddb8,1,i02,15.5,14.08
afaf20ddb8,1,i03,17.5,16.24
afaf20ddb8,1,i04,15.46,16.24
afaf20ddb8,1,i05,14.8,16.24
afaf20ddb8,1,i06,13.9,13.27
afaf20ddb8,1,i07,10.95,13.27
afaf20ddb8,1,i08,15.18,13.27
afaf20ddb8,1,i09,14.08,15.97
afaf20ddb8,1,i10,17.23,15.97
afaf20ddb8,1,i11,19.0,12.25
afaf20ddb8,1,i12,10.5,12.25
afaf20ddb8,1,i13,15.75,12.25
afaf20ddb8,1,i14,9.7,12.25
afaf20ddb8,1,i15,14.8,12.25
afaf20ddb8,1,i16,15.33,13.65
afaf20ddb8,1,i17,12.21,13.65
afaf20ddb8,1,i18,12.9,13.65
afaf20ddb8,1,i19,14.53,12.49
afaf20ddb8,1,i20,8.08,12.49
afaf20ddb8,1,i21,17.05,12.49
afaf20ddb8,1,i22,11.66,14.55
afaf20ddb8,1,i23,17.43,14.55
afaf20ddb8,1,i24,17.0,14.08
afaf20ddb8,1,i25,12.75,14.08
afaf20ddb8,1,i26,17.0,14.08
b42b445169,3,i01,7.65,7.73
b42b445169,3,i02,7.8,7.73
b42b445169,3,i03,6.75,9.87
b42b445169,3,i04,10.36,9.87
b42b445169,3,i05,17.74,9.87
b42b445169,3,i06,12.3,11.9
b42b445169,3,i07,9.4,11.9
b42b445169,3,i08,14.14,11.9
b42b445169,3,i09,11.53,11.65
b42b445169,3,i10,11.73,11.65
b42b445169,3,i11,16.5,8.23
b42b445169,3,i12,9.75,8.23
b42b445169,3,i13,12.5,8.23
b42b445169,3,i14,8.0,8.23
b42b445169,3,i15,8.45,8.23
b42b445169,3,i16,10.94,11.31
b42b445169,3,i17,10.88,11.31
b42b445169,3,i18,13.7,11.31
b42b445169,3,i19,6.4,8.69
b42b445169,3,i20,8.95,8.69
b42b445169,3,i21,10.6,8.69
b42b445169,3,i22,9.34,13.3
b42b445169,3,i23,17.25,13.3
b42b445169,3,i24,17.5,
b42b445169,3,i25,13.5,
b42b445169,3,i26,16.5,
b43ea83ec0,1,i01,8.05,10.18
b43ea83ec0,1,i02,12.3,10.18
b43ea83ec0,1,i03,12.08,10.49
b43ea83ec0,1,i04,10.14,10.49
b43ea83ec0,1,i05,6.8,10.49
b43ea83ec0,1,i06,11.85,13.01
b43ea83ec0,1,i07,11.55,13.01
b43ea83ec0,1,i08,15.25,13.01
b43ea83ec0,1,i09,11.75,10.68
b43ea83ec0,1,i10,9.96,10.68
b43ea83ec0,1,i11,12.5,13.35
b43ea83ec0,1,i12,10.5,13.35
b43ea83ec0,1,i13,14.5,13.35
b43ea83ec0,1,i14,11.8,13.35
b43ea83ec0,1,i15,14.9,13.35
b43ea83ec0,1,i16,12.7,11.76
b43ea83ec0,1,i17,10.15,11.76
b43ea83ec0,1,i18,13.75,11.76
b43ea83ec0,1,i19,7.98,10.4
b43ea83ec0,1,i20,9.6,10.4
b43ea83ec0,1,i21,14.03,10.4
b43ea83ec0,1,i22,7.81,9.66
b43ea83ec0,1,i23,11.5,9.66
b43ea83ec0,1,i24,11.25,10.18
b43ea83ec0,1,i25,10.5,10.18
b43ea83ec0,1,i26,15.0,10.18
b47bf70360,3,i01,15.6,13.95
b47bf70360,3,i02,12.3,13.95
b47bf70360,3,i03,8.25,12.26
b47bf70360,3,i04,14.6,12.26
b47bf70360,3,i05,17.25,12.26
b47bf70360,3,i06,11.6,12.64
b47bf70360,3,i07,11.48,12.64
b47bf70360,3,i08,14.5,12.64
b47bf70360,3,i09,11.7,12.83
b47bf70360,3,i10,13.58,12.83
b47bf70360,3,i11,16.75,9.52
b47bf70360,3,i12,7.75,9.52
b47bf70360,3,i13,14.75,9.52
b47bf70360,3,i14,11.35,9.52
b47bf70360,3,i15,7.68,9.52
b47bf70360,3,i16,11.76,11.9
b47bf70360,3,i17,11.95,11.9
b47bf70360,3,i18,12.15,11.9
b47bf70360,3,i19,11.48,11.89
b47bf70360,3,i20,9.3,11.89
b47bf70360,3,i21,16.2,11.89
b47bf70360,3,i22,8.9,13.15
b47bf70360,3,i23,17.4,13.15
b47bf70360,3,i24,16.75,
b47bf70360,3,i25,13.25,
b47bf70360,3,i26,14.5,
b557f18688,2,i01,13.25,12.23
b557f18688,2,i02,11.2,12.23
b557f18688,2,i03,5.54,10.84
b557f18688,2,i04,14.23,10.84
b557f18688,2,i05,16.54,10.84
b557f18688,2,i06,12.6,13.47
b557f18688,2,i07,10.5,13.47
b557f18688,2,i08,17.01,13.47
b557f18688,2,i09,13.33,15.42
b557f18688,2,i10,16.81,15.42
b557f18688,2,i11,18.0,10.23
b557f18688,2,i12,9.75,10.23
b557f18688,2,i13,10.5,10.23
b557f18688,2,i14,8.55,10.23
b557f18688,2,i15,11.9,10.23
b557f18688,2,i16,16.1,11.75
b557f18688,2,i17,7.15,11.75
b557f18688,2,i18,12.5,11.75
b557f18688,2,i19,13.73,12.58
b557f18688,2,i20,10.8,12.58
b557f18688,2,i21,14.1,12.58
b557f18688,2,i22,10.78,13.6
b557f18688,2,i23,16.41,13.6
b557f18688,2,i24,18.75,
b557f18688,2,i25,12.5,
b557f18688,2,i26,15.25,
b945ec6cb4,1,i01,8.8,10.85
b945ec6cb4,1,i02,12.9,10.85
b945ec6cb4,1,i03,13.3,13.03
b945ec6cb4,1,i04,12.39,13.03
b945ec6cb4,1,i05,14.15,13.03
b945ec6cb4,1,i06,14.55,14.12
b945ec6cb4,1,i07,12.9,14.12
b945ec6cb4,1,i08,15.05,14.12
b945ec6cb4,1,i09,10.18,11.92
b945ec6cb4,1,i10,13.08,11.92
b945ec6cb4,1,i11,18.25,12.55
b945ec6cb4,1,i12,9.5,12.55
b945ec6cb4,1,i13,15.75,12.55
b945ec6cb4,1,i14,10.3,12.55
b945ec6cb4,1,i15,14.8,12.55
b945ec6cb4,1,i16,13.18,12.4
b945ec6cb4,1,i17,11.63,12.4
b945ec6cb4,1,i18,12.36,12.4
b945ec6cb4,1,i19,13.7,11.57
b945ec6cb4,1,i20,9.3,11.57
b945ec6cb4,1,i21,12.85,11.57
b945ec6cb4,1,i22,13.1,15.02
b945ec6cb4,1,i23,16.94,15.02
b945ec6cb4,1,i24,16.25,10.85
b945ec6cb4,1,i25,16.0,10.85
b945ec6cb4,1,i26,15.0,10.85
bf08ae4355,1,i01,10.45,11.93
bf08ae4355,1,i02,13.4,11.93
bf08ae4355,1,i03,10.18,12.04
bf08ae4355,1,i04,13.78,12.04
bf08ae4355,1,i05,12.4,12.04
bf08ae4355,1,i06,12.1,13.5
bf08ae4355,1,i07,14.3,13.5
bf08ae4355,1,i08,13.64,13.5
bf08ae4355,1,i09,12.7,11.37
bf08ae4355,1,i10,10.49,11.37
bf08ae4355,1,i11,12.25,13.05
bf08ae4355,1,i12,7.75,13.05
bf08ae4355,1,i13,17.0,13.05
bf08ae4355,1,i14,11.0,13.05
bf08ae4355,1,i15,15.1,13.05
bf08ae4355,1,i16,14.2,12.1
bf08ae4355,1,i17,9.1,12.1
bf08ae4355,1,i18,14.8,12.1
bf08ae4355,1,i19,16.35,15.31
bf08ae4355,1,i20,14.53,15.31
bf08ae4355,1,i21,15.43,15.31
bf08ae4355,1,i22,9.51,10.4
bf08ae4355,1,i23,11.29,10.4
bf08ae4355,1,i24,11.5,11.93
bf08ae4355,1,i25,12.25,11.93
bf08ae4355,1,i26,15.25,11.93
bf583166a0,2,i01,13.75,11.13
bf583166a0,2,i02,8.5,11.13
bf583166a0,2,i03,3.9,9.82
bf583166a0,2,i04,14.19,9.82
bf583166a0,2,i05,14.48,9.82
bf583166a0,2,i06,12.85,11.93
bf583166a0,2,i07,11.35,11.93
bf583166a0,2,i08,11.9,11.93
bf583166a0,2,i09,13.48,13.7
bf583166a0,2,i10,13.84,13.7
bf583166a0,2,i11,14.0,11.44
bf583166a0,2,i12,8.25,11.44
bf583166a0,2,i13,14.5,11.44
bf583166a0,2,i14,10.7,11.44
bf583166a0,2,i15,12.18,11.44
bf583166a0,2,i16,11.58,10.14
bf583166a0,2,i17,10.43,10.14
bf583166a0,2,i18,4.96,10.14
bf583166a0,2,i19,11.95,9.78
bf583166a0,2,i20,6.25,9.78
bf583166a0,2,i21,12.9,9.78
bf583166a0,2,i22,6.99,8.95
bf583166a0,2,i23,10.91,8.95
bf583166a0,2,i24,15.0,
bf583166a0,2,i25,12.0,
bf583166a0,2,i26,14.25,
c2ee19d595,2,i01,12.9,11.85
c2ee19d595,2,i02,10.8,11.85
c2ee19d595,2,i03,12.18,13.9
c2ee19d595,2,i04,15.2,13.9
c2ee19d595,2,i05,15.18,13.9
c2ee19d595,2,i06,15.05,15.09
c2ee19d595,2,i07,13.15,15.09
c2ee19d595,2,i08,17.06,15.09
c2ee19d595,2,i09,16.13,16.05
c2ee19d595,2,i10,15.99,16.05
c2ee19d595,2,i11,16.75,13.12
c2ee19d595,2,i12,13.75,13.12
c2ee19d595,2,i13,14.5,13.12
c2ee19d595,2,i14,11.95,13.12
c2ee19d595,2,i15,14.28,13.12
c2ee19d595,2,i16,16.45,16.14
c2ee19d595,2,i17,16.28,16.14
c2ee19d595,2,i18,14.81,16.14
c2ee19d595,2,i19,13.45,15.02
c2ee19d595,2,i20,14.85,15.02
c2ee19d595,2,i21,16.85,15.02
c2ee19d595,2,i22,15.2,16.15
c2ee19d595,2,i23,17.1,16.15
c2ee19d595,2,i24,17.0,
c2ee19d595,2,i25,15.0,
c2ee19d595,2,i26,17.75,
c31f087a4d,1,i01,4.9,6.25
c31f087a4d,1,i02,7.6,6.25
c31f087a4d,1,i03,4.0,6.44
c31f087a4d,1,i04,8.4,6.44
c31f087a4d,1,i05,7.9,6.44
c31f087a4d,1,i06,9.7,8.41
c31f087a4d,1,i07,8.3,8.41
c31f087a4d,1,i08,7.66,8.41
c31f087a4d,1,i09,9.68,9.19
c31f087a4d,1,i10,8.86,9.19
c31f087a4d,1,i11,9.5,5.65
c31f087a4d,1,i12,6.5,5.65
c31f087a4d,1,i13,10.0,5.65
c31f087a4d,1,i14,4.1,5.65
c31f087a4d,1,i15,7.2,5.65
c31f087a4d,1,i16,2.68,2.19
c31f087a4d,1,i17,0.81,2.19
c31f087a4d,1,i18,4.88,2.19
c31f087a4d,1,i19,0.0,3.24
c31f087a4d,1,i20,3.45,3.24
c31f087a4d,1,i21,6.18,3.24
c31f087a4d,1,i22,0.08,3.27
c31f087a4d,1,i23,6.45,3.27
c31f087a4d,1,i24,9.25,6.25
c31f087a4d,1,i25,0.0,6.25
c31f087a4d,1,i26,12.75,6.25
c37f601beb,1,i01,10.55,9.03
c37f601beb,1,i02,7.5,9.03
c37f601beb,1,i03,15.4,14.9
c37f601beb,1,i04,14.68,14.9
c37f601beb,1,i05,14.05,14.9
c37f601beb,1,i06,14.5,14.22
c37f601beb,1,i07,10.85,14.22
c37f601beb,1,i08,17.41,14.22
c37f601beb,1,i09,12.28,12.65
c37f601beb,1,i10,12.89,12.65
c37f601beb,1,i11,13.25,12.75
c37f601beb,1,i12,11.5,12.75
c37f601beb,1,i13,15.75,12.75
c37f601beb,1,i14,10.7,12.75
c37f601beb,1,i15,14.8,12.75
c37f601beb,1,i16,12.28,14.23
c37f601beb,1,i17,16.23,14.23
c37f601beb,1,i18,14.06,14.23
c37f601beb,1,i19,14.18,14.27
c37f601beb,1,i20,13.95,14.27
c37f601beb,1,i21,14.85,14.27
c37f601beb,1,i22,13.09,13.93
c37f601beb,1,i23,14.76,13.93
c37f601beb,1,i24,13.0,9.03
c37f601beb,1,i25,13.0,9.03
c37f601beb,1,i26,17.0,9.03
c9aff4a5eb,2,i01,6.15,9.33
c9aff4a5eb,2,i02,12.5,9.33
c9aff4a5eb,2,i03,9.9,12.77
c9aff4a5eb,2,i04,15.09,12.77
c9aff4a5eb,2,i05,14.4,12.77
c9aff4a5eb,2,i06,14.85,12.8
c9aff4a5eb,2,i07,9.95,12.8
c9aff4a5eb,2,i08,14.28,12.8
c9aff4a5eb,2,i09,13.73,14.69
c9aff4a5eb,2,i10,15.33,14.69
c9aff4a5eb,2,i11,17.5,10.17
c9aff4a5eb,2,i12,9.25,10.17
c9aff4a5eb,2,i13,13.5,10.17
c9aff4a5eb,2,i14,7.55,10.17
c9aff4a5eb,2,i15,12.78,10.17
c9aff4a5eb,2,i16,14.05,12.69
c9aff4a5eb,2,i17,10.73,12.69
c9aff4a5eb,2,i18,14.48,12.69
c9aff4a5eb,2,i19,13.68,13.29
c9aff4a5eb,2,i20,11.35,13.29
c9aff4a5eb,2,i21,15.8,13.29
c9aff4a5eb,2,i22,11.65,14.6
c9aff4a5eb,2,i23,17.55,14.6
c9aff4a5eb,2,i24,16.5,
c9aff4a5eb,2,i25,13.5,
c9aff4a5eb,2,i26,14.0,
d1f8a97278,2,i01,11.23,10.89
d1f8a97278,2,i02,10.55,10.89
d1f8a97278,2,i03,7.99,10.75
d1f8a97278,2,i04,12.46,10.75
d1f8a97278,2,i05,13.88,10.75
d1f8a97278,2,i06,15.55,13.51
d1f8a97278,2,i07,10.2,13.51
d1f8a97278,2,i08,15.46,13.51
d1f8a97278,2,i09,11.88,11.98
d1f8a97278,2,i10,12.05,11.98
d1f8a97278,2,i11,16.5,11.3
d1f8a97278,2,i12,10.25,11.3
d1f8a97278,2,i13,15.25,11.3
d1f8a97278,2,i14,9.55,11.3
d1f8a97278,2,i15,13.05,11.3
d1f8a97278,2,i16,14.8,12.7
d1f8a97278,2,i17,11.25,12.7
d1f8a97278,2,i18,10.76,12.7
d1f8a97278,2,i19,10.85,12.04
d1f8a97278,2,i20,11.05,12.04
d1f8a97278,2,i21,14.7,12.04
d1f8a97278,2,i22,11.53,13.54
d1f8a97278,2,i23,15.55,13.54
d1f8a97278,2,i24,17.0,
d1f8a97278,2,i25,13.0,
d1f8a97278,2,i26,16.5,
d5ea8f639e,3,i01,13.53,14.17
d5ea8f639e,3,i02,14.8,14.17
d5ea8f639e,3,i03,10.35,12.38
d5ea8f639e,3,i04,13.3,12.38
d5ea8f639e,3,i05,15.7,12.38
d5ea8f639e,3,i06,13.6,11.44
d5ea8f639e,3,i07,10.1,11.44
d5ea8f639e,3,i08,11.33,11.44
d5ea8f639e,3,i09,15.73,15.47
d5ea8f639e,3,i10,15.3,15.47
d5ea8f639e,3,i11,14.5,14.33
d5ea8f639e,3,i12,8.25,14.33
d5ea8f639e,3,i13,16.25,14.33
d5ea8f639e,3,i14,16.6,14.33
d5ea8f639e,3,i15,12.05,14.33
d5ea8f639e,3,i16,11.46,12.92
d5ea8f639e,3,i17,13.98,12.92
d5ea8f639e,3,i18,14.15,12.92
d5ea8f639e,3,i19,13.0,12.94
d5ea8f639e,3,i20,11.93,12.94
d5ea8f639e,3,i21,14.4,12.94
d5ea8f639e,3,i22,11.55,14.69
d5ea8f639e,3,i23,17.83,14.69
d5ea8f639e,3,i24,15.75,
d5ea8f639e,3,i25,12.0,
d5ea8f639e,3,i26,18.0,
d8975e88a0,2,i01,12.75,10.38
d8975e88a0,2,i02,8.0,10.38
d8975e88a0,2,i03,5.59,10.44
d8975e88a0,2,i04,13.36,10.44
d8975e88a0,2,i05,16.26,10.44
d8975e88a0,2,i06,13.65,14.96
d8975e88a0,2,i07,14.05,14.96
d8975e88a0,2,i08,16.75,14.96
d8975e88a0,2,i09,12.28,12.77
d8975e88a0,2,i10,13.1,12.77
d8975e88a0,2,i11,15.5,9.1
d8975e88a0,2,i12,11.5,9.1
d8975e88a0,2,i13,17.0,9.1
d8975e88a0,2,i14,5.45,9.1
d8975e88a0,2,i15,12.75,9.1
d8975e88a0,2,i16,17.73,15.14
d8975e88a0,2,i17,12.2,15.14
d8975e88a0,2,i18,16.18,15.14
d8975e88a0,2,i19,12.4,12.97
d8975e88a0,2,i20,13.3,12.97
d8975e88a0,2,i21,13.05,12.97
d8975e88a0,2,i22,15.18,16.73
d8975e88a0,2,i23,18.28,16.73
d8975e88a0,2,i24,15.5,
d8975e88a0,2,i25,16.5,
d8975e88a0,2,i26,17.0,
e31c7023d0,3,i01,12.78,10.22
e31c7023d0,3,i02,7.65,10.22
e31c7023d0,3,i03,8.73,10.64
e31c7023d0,3,i04,12.51,10.64
e31c7023d0,3,i05,10.75,10.64
e31c7023d0,3,i06,17.2,12.51
e31c7023d0,3,i07,12.0,12.51
e31c7023d0,3,i08,9.9,12.51
e31c7023d0,3,i09,14.6,13.39
e31c7023d0,3,i10,12.58,13.39
e31c7023d0,3,i11,14.0,12.83
e31c7023d0,3,i12,7.0,12.83
e31c7023d0,3,i13,13.25,12.83
e31c7023d0,3,i14,11.2,12.83
e31c7023d0,3,i15,14.45,12.83
e31c7023d0,3,i16,8.01,8.96
e31c7023d0,3,i17,9.6,8.96
e31c7023d0,3,i18,9.9,8.96
e31c7023d0,3,i19,8.6,10.85
e31c7023d0,3,i20,9.48,10.85
e31c7023d0,3,i21,15.15,10.85
e31c7023d0,3,i22,5.75,9.25
e31c7023d0,3,i23,12.75,9.25
e31c7023d0,3,i24,14.25,
e31c7023d0,3,i25,12.0,
e31c7023d0,3,i26,10.0,
e34583400a,3,i01,10.4,11.85
e34583400a,3,i02,13.3,11.85
e34583400a,3,i03,10.88,12.38
e34583400a,3,i04,12.51,12.38
e34583400a,3,i05,16.49,12.38
e34583400a,3,i06,17.0,15.32
e34583400a,3,i07,13.55,15.32
e34583400a,3,i08,15.98,15.32
e34583400a,3,i09,15.4,13.96
e34583400a,3,i10,13.0,13.96
e34583400a,3,i11,16.25,14.48
e34583400a,3,i12,12.25,14.48
e34583400a,3,i13,14.0,14.48
e34583400a,3,i14,13.8,14.48
e34583400a,3,i15,15.15,14.48
e34583400a,3,i16,13.15,14.48
e34583400a,3,i17,14.7,14.48
e34583400a,3,i18,17.8,14.48
e34583400a,3,i19,12.9,13.51
e34583400a,3,i20,11.9,13.51
e34583400a,3,i21,16.55,13.51
e34583400a,3,i22,12.84,15.17
e34583400a,3,i23,17.5,15.17
e34583400a,3,i24,16.25,
e34583400a,3,i25,16.0,
e34583400a,3,i26,17.0,
e482cd499d,1,i01,11.9,12.4
e482cd499d,1,i02,12.9,12.4
e482cd499d,1,i03,10.95,11.42
e482cd499d,1,i04,11.4,11.42
e482cd499d,1,i05,12.9,11.42
e482cd499d,1,i06,13.45,12.18
e482cd499d,1,i07,9.9,12.18
e482cd499d,1,i08,13.6,12.18
e482cd499d,1,i09,12.2,11.78
e482cd499d,1,i10,11.5,11.78
e482cd499d,1,i11,13.25,13.5
e482cd499d,1,i12,7.75,13.5
e482cd499d,1,i13,17.0,13.5
e482cd499d,1,i14,11.1,13.5
e482cd499d,1,i15,15.9,13.5
e482cd499d,1,i16,9.8,12.13
e482cd499d,1,i17,14.13,12.13
e482cd499d,1,i18,13.1,12.13
e482cd499d,1,i19,9.68,11.49
e482cd499d,1,i20,10.83,11.49
e482cd499d,1,i21,14.28,11.49
e482cd499d,1,i22,11.91,12.51
e482cd499d,1,i23,13.11,12.51
e482cd499d,1,i24,11.0,12.4
e482cd499d,1,i25,12.5,12.4
e482cd499d,1,i26,13.5,12.4
e4e3c72df0,2,i01,7.8,6.7
e4e3c72df0,2,i02,5.6,6.7
e4e3c72df0,2,i03,6.36,8.98
e4e3c72df0,2,i04,10.13,8.98
e4e3c72df0,2,i05,13.41,8.98
e4e3c72df0,2,i06,12.6,11.09
e4e3c72df0,2,i07,7.08,11.09
e4e3c72df0,2,i08,14.08,11.09
e4e3c72df0,2,i09,11.0,12.31
e4e3c72df0,2,i10,13.18,12.31
e4e3c72df0,2,i11,12.5,8.2
e4e3c72df0,2,i12,8.75,8.2
e4e3c72df0,2,i13,16.5,8.2
e4e3c72df0,2,i14,7.25,8.2
e4e3c72df0,2,i15,9.15,8.2
e4e3c72df0,2,i16,11.08,10.35
e4e3c72df0,2,i17,9.45,10.35
e4e3c72df0,2,i18,10.88,10.35
e4e3c72df0,2,i19,5.53,8.99
e4e3c72df0,2,i20,9.0,8.99
e4e3c72df0,2,i21,12.45,8.99
e4e3c72df0,2,i22,9.03,12.03
e4e3c72df0,2,i23,15.03,12.03
e4e3c72df0,2,i24,13.25,
e4e3c72df0,2,i25,10.0,
e4e3c72df0,2,i26,14.0,
e7c0e18640,3,i01,12.15,9.98
e7c0e18640,3,i02,7.8,9.98
e7c0e18640,3,i03,8.13,11.07
e7c0e18640,3,i04,11.86,11.07
e7c0e18640,3,i05,17.49,11.07
e7c0e18640,3,i06,17.15,14.36
e7c0e18640,3,i07,13.73,14.36
e7c0e18640,3,i08,13.13,14.36
e7c0e18640,3,i09,13.73,13.38
e7c0e18640,3,i10,13.15,13.38
e7c0e18640,3,i11,17.0,9.67
e7c0e18640,3,i12,12.25,9.67
e7c0e18640,3,i13,14.0,9.67
e7c0e18640,3,i14,9.0,9.67
e7c0e18640,3,i15,10.33,9.67
e7c0e18640,3,i16,12.15,14.01
e7c0e18640,3,i17,16.0,14.01
e7c0e18640,3,i18,13.6,14.01
e7c0e18640,3,i19,11.0,12.28
e7c0e18640,3,i20,11.48,12.28
e7c0e18640,3,i21,14.75,12.28
e7c0e18640,3,i22,10.53,13.84
e7c0e18640,3,i23,17.15,13.84
e7c0e18640,3,i24,17.5,
e7c0e18640,3,i25,13.75,
e7c0e18640,3,i26,16.0,
e9ae2e6593,3,i01,9.38,9.04
e9ae2e6593,3,i02,8.7,9.04
e9ae2e6593,3,i03,8.98,11.09
e9ae2e6593,3,i04,11.61,11.09
e9ae2e6593,3,i05,15.86,11.09
e9ae2e6593,3,i06,18.55,11.62
e9ae2e6593,3,i07,8.73,11.62
e9ae2e6593,3,i08,9.9,11.62
e9ae2e6593,3,i09,13.88,13.79
e9ae2e6593,3,i10,13.73,13.79
e9ae2e6593,3,i11,16.5,7.82
e9ae2e6593,3,i12,14.5,7.82
e9ae2e6593,3,i13,14.5,7.82
e9ae2e6593,3,i14,7.1,7.82
e9ae2e6593,3,i15,8.53,7.82
e9ae2e6593,3,i16,12.24,13.09
e9ae2e6593,3,i17,13.98,13.09
e9ae2e6593,3,i18,12.95,13.09
e9ae2e6593,3,i19,6.95,9.21
e9ae2e6593,3,i20,9.5,9.21
e9ae2e6593,3,i21,11.05,9.21
e9ae2e6593,3,i22,6.33,11.53
e9ae2e6593,3,i23,16.73,11.53
e9ae2e6593,3,i24,18.0,
e9ae2e6593,3,i25,15.5,
e9ae2e6593,3,i26,15.0,
e9f3b5d556,2,i01,10.9,11.35
e9f3b5d556,2,i02,11.8,11.35
e9f3b5d556,2,i03,8.16,11.85
e9f3b5d556,2,i04,15.13,11.85
e9f3b5d556,2,i05,13.09,11.85
e9f3b5d556,2,i06,14.8,12.7
e9f3b5d556,2,i07,9.0,12.7
e9f3b5d556,2,i08,15.0,12.7
e9f3b5d556,2,i09,14.7,14.39
e9f3b5d556,2,i10,14.18,14.39
e9f3b5d556,2,i11,15.5,9.35
e9f3b5d556,2,i12,10.25,9.35
e9f3b5d556,2,i13,13.5,9.35
e9f3b5d556,2,i14,6.6,9.35
e9f3b5d556,2,i15,12.1,9.35
e9f3b5d556,2,i16,12.93,11.87
e9f3b5d556,2,i17,10.5,11.87
e9f3b5d556,2,i18,12.8,11.87
e9f3b5d556,2,i19,13.1,10.77
e9f3b5d556,2,i20,5.8,10.77
e9f3b5d556,2,i21,15.9,10.77
e9f3b5d556,2,i22,11.44,13.5
e9f3b5d556,2,i23,15.55,13.5
e9f3b5d556,2,i24,17.25,
e9f3b5d556,2,i25,14.5,
e9f3b5d556,2,i26,12.25,
ebae78cc54,1,i01,10.15,10.23
ebae78cc54,1,i02,10.3,10.23
ebae78cc54,1,i03,13.5,13.45
ebae78cc54,1,i04,13.18,13.45
ebae78cc54,1,i05,14.1,13.45
ebae78cc54,1,i06,12.95,14.09
ebae78cc54,1,i07,12.05,14.09
ebae78cc54,1,i08,16.89,14.09
ebae78cc54,1,i09,15.05,15.26
ebae78cc54,1,i10,15.4,15.26
ebae78cc54,1,i11,16.25,13.15
ebae78cc54,1,i12,14.0,13.15
ebae78cc54,1,i13,16.75,13.15
ebae78cc54,1,i14,10.3,13.15
ebae78cc54,1,i15,16.0,13.15
ebae78cc54,1,i16,15.63,12.97
ebae78cc54,1,i17,10.33,12.97
ebae78cc54,1,i18,12.88,12.97
ebae78cc54,1,i19,9.93,12.29
ebae78cc54,1,i20,14.3,12.29
ebae78cc54,1,i21,11.65,12.29
ebae78cc54,1,i22,14.31,13.31
ebae78cc54,1,i23,12.3,13.31
ebae78cc54,1,i24,16.5,10.23
ebae78cc54,1,i25,15.5,10.23
ebae78cc54,1,i26,14.5,10.23
ebea0085cf,2,i01,6.4,7.1
ebea0085cf,2,i02,7.8,7.1
ebea0085cf,2,i03,9.18,11.33
ebea0085cf,2,i04,12.46,11.33
ebea0085cf,2,i05,14.38,11.33
ebea0085cf,2,i06,8.6,11.72
ebea0085cf,2,i07,9.55,11.72
ebea0085cf,2,i08,15.96,11.72
ebea0085cf,2,i09,11.98,14.64
ebea0085cf,2,i10,16.41,14.64
ebea0085cf,2,i11,17.25,8.69
ebea0085cf,2,i12,10.75,8.69
ebea0085cf,2,i13,14.5,8.69
ebea0085cf,2,i14,8.8,8.69
ebea0085cf,2,i15,8.58,8.69
ebea0085cf,2,i16,15.95,12.72
ebea0085cf,2,i17,10.2,12.72
ebea0085cf,2,i18,10.58,12.72
ebea0085cf,2,i19,11.33,10.53
ebea0085cf,2,i20,8.95,10.53
ebea0085cf,2,i21,12.1,10.53
ebea0085cf,2,i22,12.49,13.99
ebea0085cf,2,i23,15.48,13.99
ebea0085cf,2,i24,17.25,
ebea0085cf,2,i25,13.5,
ebea0085cf,2,i26,16.0,
ed163d60a7,1,i01,9.0,11.7
ed163d60a7,1,i02,14.4,11.7
ed163d60a7,1,i03,10.53,12.53
ed163d60a7,1,i04,14.0,12.53
ed163d60a7,1,i05,14.15,12.53
ed163d60a7,1,i06,13.45,13.58
ed163d60a7,1,i07,11.3,13.58
ed163d60a7,1,i08,15.95,13.58
ed163d60a7,1,i09,12.68,14.76
ed163d60a7,1,i10,16.15,14.76
ed163d60a7,1,i11,17.75,12.3
ed163d60a7,1,i12,10.25,12.3
ed163d60a7,1,i13,13.75,12.3
ed163d60a7,1,i14,7.9,12.3
ed163d60a7,1,i15,16.7,12.3
ed163d60a7,1,i16,14.25,13.38
ed163d60a7,1,i17,12.09,13.38
ed163d60a7,1,i18,14.64,13.38
ed163d60a7,1,i19,10.93,11.84
ed163d60a7,1,i20,9.78,11.84
ed163d60a7,1,i21,15.85,11.84
ed163d60a7,1,i22,12.7,14.81
ed163d60a7,1,i23,16.91,14.81
ed163d60a7,1,i24,16.0,11.7
ed163d60a7,1,i25,14.0,11.7
ed163d60a7,1,i26,14.75,11.7
eea0317a36,2,i01,17.2,15.75
eea0317a36,2,i02,14.3,15.75
eea0317a36,2,i03,16.23,16.13
eea0317a36,2,i04,16.36,16.13
eea0317a36,2,i05,15.14,16.13
eea0317a36,2,i06,16.7,15.62
eea0317a36,2,i07,14.35,15.62
eea0317a36,2,i08,16.16,15.62
eea0317a36,2,i09,12.88,14.96
eea0317a36,2,i10,16.35,14.96
eea0317a36,2,i11,18.0,13.84
eea0317a36,2,i12,13.0,13.84
eea0317a36,2,i13,17.0,13.84
eea0317a36,2,i14,11.7,13.84
eea0317a36,2,i15,15.98,13.84
eea0317a36,2,i16,17.85,15.38
eea0317a36,2,i17,12.38,15.38
eea0317a36,2,i18,16.95,15.38
eea0317a36,2,i19,17.15,15.66
eea0317a36,2,i20,14.25,15.66
eea0317a36,2,i21,16.3,15.66
eea0317a36,2,i22,15.09,15.64
eea0317a36,2,i23,16.19,15.64
eea0317a36,2,i24,18.75,
eea0317a36,2,i25,16.0,
eea0317a36,2,i26,16.0,
f0d2e1e819,3,i01,17.53,14.74
f0d2e1e819,3,i02,11.95,14.74
f0d2e1e819,3,i03,9.83,13.38
f0d2e1e819,3,i04,15.81,13.38
f0d2e1e819,3,i05,16.76,13.38
f0d2e1e819,3,i06,17.2,15.6
f0d2e1e819,3,i07,13.03,15.6
f0d2e1e819,3,i08,17.1,15.6
f0d2e1e819,3,i09,15.0,14.4
f0d2e1e819,3,i10,14.0,14.4
f0d2e1e819,3,i11,16.25,15.07
f0d2e1e819,3,i12,11.25,15.07
f0d2e1e819,3,i13,16.0,15.07
f0d2e1e819,3,i14,14.15,15.07
f0d2e1e819,3,i15,15.98,15.07
f0d2e1e819,3,i16,13.5,13.28
f0d2e1e819,3,i17,12.19,13.28
f0d2e1e819,3,i18,15.9,13.28
f0d2e1e819,3,i19,15.58,15.98
f0d2e1e819,3,i20,16.03,15.98
f0d2e1e819,3,i21,16.3,15.98
f0d2e1e819,3,i22,12.65,14.39
f0d2e1e819,3,i23,16.13,14.39
f0d2e1e819,3,i24,16.25,
f0d2e1e819,3,i25,16.5,
f0d2e1e819,3,i26,13.5,
f19db1c435,2,i01,14.75,15.23
f19db1c435,2,i02,15.7,15.23
f19db1c435,2,i03,7.64,10.6
f19db1c435,2,i04,12.73,10.6
f19db1c435,2,i05,13.09,10.6
f19db1c435,2,i06,14.7,13.95
f19db1c435,2,i07,12.9,13.95
f19db1c435,2,i08,14.51,13.95
f19db1c435,2,i09,12.63,14.39
f19db1c435,2,i10,15.56,14.39
f19db1c435,2,i11,17.25,9.89
f19db1c435,2,i12,8.25,9.89
f19db1c435,2,i13,13.75,9.89
f19db1c435,2,i14,7.2,9.89
f19db1c435,2,i15,12.58,9.89
f19db1c435,2,i16,15.5,12.98
f19db1c435,2,i17,9.83,12.98
f19db1c435,2,i18,14.88,12.98
f19db1c435,2,i19,16.1,14.1
f19db1c435,2,i20,12.1,14.1
f19db1c435,2,i21,15.1,14.1
f19db1c435,2,i22,14.21,14.72
f19db1c435,2,i23,15.23,14.72
f19db1c435,2,i24,16.75,
f19db1c435,2,i25,15.0,
f19db1c435,2,i26,14.5,
f1abedad09,2,i01,3.8,5.95
f1abedad09,2,i02,8.1,5.95
f1abedad09,2,i03,7.95,10.88
f1abedad09,2,i04,12.13,10.88
f1abedad09,2,i05,15.93,10.88
f1abedad09,2,i06,13.85,9.88
f1abedad09,2,i07,7.63,9.88
f1abedad09,2,i08,9.48,9.88
f1abedad09,2,i09,12.03,12.76
f1abedad09,2,i10,13.25,12.76
f1abedad09,2,i11,10.0,7.69
f1abedad09,2,i12,7.75,7.69
f1abedad09,2,i13,14.5,7.69
f1abedad09,2,i14,5.45,7.69
f1abedad09,2,i15,9.93,7.69
f1abedad09,2,i16,10.68,8.64
f1abedad09,2,i17,5.68,8.64
f1abedad09,2,i18,11.4,8.64
f1abedad09,2,i19,7.63,7.22
f1abedad09,2,i20,4.95,7.22
f1abedad09,2,i21,10.2,7.22
f1abedad09,2,i22,7.04,9.17
f1abedad09,2,i23,11.3,9.17
f1abedad09,2,i24,15.0,
f1abedad09,2,i25,9.0,
f1abedad09,2,i26,12.0,
f1de23cafb,3,i01,10.38,9.82
f1de23cafb,3,i02,9.25,9.82
f1de23cafb,3,i03,6.9,11.11
f1de23cafb,3,i04,13.16,11.11
f1de23cafb,3,i05,17.6,11.11
f1de23cafb,3,i06,16.65,12.22
f1de23cafb,3,i07,9.95,12.22
f1de23cafb,3,i08,11.53,12.22
f1de23cafb,3,i09,14.13,14.4
f1de23cafb,3,i10,14.58,14.4
f1de23cafb,3,i11,14.75,12.89
f1de23cafb,3,i12,11.0,12.89
f1de23cafb,3,i13,15.5,12.89
f1de23cafb,3,i14,12.2,12.89
f1de23cafb,3,i15,13.58,12.89
f1de23cafb,3,i16,11.31,13.18
f1de23cafb,3,i17,13.8,13.18
f1de23cafb,3,i18,16.95,13.18
f1de23cafb,3,i19,10.58,12.6
f1de23cafb,3,i20,12.28,12.6
f1de23cafb,3,i21,15.1,12.6
f1de23cafb,3,i22,12.0,13.98
f1de23cafb,3,i23,15.95,13.98
f1de23cafb,3,i24,16.25,
f1de23cafb,3,i25,15.5,
f1de23cafb,3,i26,17.5,
f37812b4d9,1,i01,4.58,4.64
f37812b4d9,1,i02,4.7,4.64
f37812b4d9,1,i03,8.5,9.83
f37812b4d9,1,i04,10.58,9.83
f37812b4d9,1,i05,11.55,9.83
f37812b4d9,1,i06,8.4,10.67
f37812b4d9,1,i07,10.55,10.67
f37812b4d9,1,i08,12.3,10.67
f37812b4d9,1,i09,9.48,11.23
f37812b4d9,1,i10,12.4,11.23
f37812b4d9,1,i11,15.25,8.05
f37812b4d9,1,i12,7.75,8.05
f37812b4d9,1,i13,15.0,8.05
f37812b4d9,1,i14,6.5,8.05
f37812b4d9,1,i15,9.6,8.05
f37812b4d9,1,i16,11.35,8.62
f37812b4d9,1,i17,5.66,8.62
f37812b4d9,1,i18,9.33,8.62
f37812b4d9,1,i19,3.75,6.79
f37812b4d9,1,i20,7.03,6.79
f37812b4d9,1,i21,9.48,6.79
f37812b4d9,1,i22,8.93,10.07
f37812b4d9,1,i23,11.2,10.07
f37812b4d9,1,i24,14.5,4.64
f37812b4d9,1,i25,12.5,4.64
f37812b4d9,1,i26,14.5,4.64
f39b607f46,2,i01,9.85,8.93
f39b607f46,2,i02,8.0,8.93
f39b607f46,2,i03,5.36,9.72
f39b607f46,2,i04,12.95,9.72
f39b607f46,2,i05,13.09,9.72
f39b607f46,2,i06,13.6,11.42
f39b607f46,2,i07,7.95,11.42
f39b607f46,2,i08,13.43,11.42
f39b607f46,2,i09,10.2,13.31
f39b607f46,2,i10,15.38,13.31
f39b607f46,2,i11,15.5,10.78
f39b607f46,2,i12,8.25,10.78
f39b607f46,2,i13,14.5,10.78
f39b607f46,2,i14,10.6,10.78
f39b607f46,2,i15,10.95,10.78
f39b607f46,2,i16,16.15,13.02
f39b607f46,2,i17,10.4,13.02
f39b607f46,2,i18,11.46,13.02
f39b607f46,2,i19,9.13,12.47
f39b607f46,2,i20,14.3,12.47
f39b607f46,2,i21,13.05,12.47
f39b607f46,2,i22,11.63,13.42
f39b607f46,2,i23,15.2,13.42
f39b607f46,2,i24,14.0,
f39b607f46,2,i25,15.5,
f39b607f46,2,i26,13.5,
f6c4c529c5,2,i01,12.85,11.18
f6c4c529c5,2,i02,9.5,11.18
f6c4c529c5,2,i03,8.59,11.41
f6c4c529c5,2,i04,13.44,11.41
f6c4c529c5,2,i05,13.76,11.41
f6c4c529c5,2,i06,16.85,12.17
f6c4c529c5,2,i07,7.7,12.17
f6c4c529c5,2,i08,13.53,12.17
f6c4c529c5,2,i09,12.4,13.96
f6c4c529c5,2,i10,15.0,13.96
f6c4c529c5,2,i11,15.5,9.33
f6c4c529c5,2,i12,12.75,9.33
f6c4c529c5,2,i13,13.5,9.33
f6c4c529c5,2,i14,6.6,9.33
f6c4c529c5,2,i15,12.05,9.33
f6c4c529c5,2,i16,14.38,13.11
f6c4c529c5,2,i17,12.19,13.11
f6c4c529c5,2,i18,12.03,13.11
f6c4c529c5,2,i19,9.88,9.75
f6c4c529c5,2,i20,9.0,9.75
f6c4c529c5,2,i21,10.75,9.75
f6c4c529c5,2,i22,8.6,12.33
f6c4c529c5,2,i23,16.05,12.33
f6c4c529c5,2,i24,15.0,
f6c4c529c5,2,i25,14.0,
f6c4c529c5,2,i26,12.5,
f6ec840eeb,1,i01,13.4,12.7
f6ec840eeb,1,i02,12.0,12.7
f6ec840eeb,1,i03,14.03,14.42
f6ec840eeb,1,i04,15.26,14.42
f6ec840eeb,1,i05,13.05,14.42
f6ec840eeb,1,i06,14.7,15.39
f6ec840eeb,1,i07,12.8,15.39
f6ec840eeb,1,i08,18.45,15.39
f6ec840eeb,1,i09,15.1,15.66
f6ec840eeb,1,i10,16.04,15.66
f6ec840eeb,1,i11,18.75,14.65
f6ec840eeb,1,i12,10.75,14.65
f6ec840eeb,1,i13,15.5,14.65
f6ec840eeb,1,i14,13.4,14.65
f6ec840eeb,1,i15,15.9,14.65
f6ec840eeb,1,i16,12.88,13.54
f6ec840eeb,1,i17,13.28,13.54
f6ec840eeb,1,i18,16.31,13.54
f6ec840eeb,1,i19,17.9,15.94
f6ec840eeb,1,i20,14.65,15.94
f6ec840eeb,1,i21,15.93,15.94
f6ec840eeb,1,i22,14.5,14.99
f6ec840eeb,1,i23,15.48,14.99
f6ec840eeb,1,i24,17.5,12.7
f6ec840eeb,1,i25,14.5,12.7
f6ec840eeb,1,i26,17.0,12.7
f7e3ccf607,1,i01,11.15,13.48
f7e3ccf607,1,i02,15.8,13.48
f7e3ccf607,1,i03,12.6,12.48
f7e3ccf607,1,i04,12.73,12.48
f7e3ccf607,1,i05,11.35,12.48
f7e3ccf607,1,i06,12.4,13.17
f7e3ccf607,1,i07,10.45,13.17
f7e3ccf607,1,i08,16.41,13.17
f7e3ccf607,1,i09,12.95,12.16
f7e3ccf607,1,i10,11.63,12.16
f7e3ccf607,1,i11,13.75,12.1
f7e3ccf607,1,i12,12.25,12.1
f7e3ccf607,1,i13,16.0,12.1
f7e3ccf607,1,i14,10.9,12.1
f7e3ccf607,1,i15,13.3,12.1
f7e3ccf607,1,i16,12.63,12.71
f7e3ccf607,1,i17,12.0,12.71
f7e3ccf607,1,i18,15.09,12.71
f7e3ccf607,1,i19,11.25,12.6
f7e3ccf607,1,i20,11.48,12.6
f7e3ccf607,1,i21,15.63,12.6
f7e3ccf607,1,i22,10.4,11.53
f7e3ccf607,1,i23,12.66,11.53
f7e3ccf607,1,i24,14.0,13.48
f7e3ccf607,1,i25,11.25,13.48
f7e3ccf607,1,i26,15.0,13.48
fe746363c4,1,i01,8.9,10.25
fe746363c4,1,i02,11.6,10.25
fe746363c4,1,i03,10.6,12.3
fe746363c4,1,i04,14.21,12.3
fe746363c4,1,i05,11.65,12.3
fe746363c4,1,i06,12.5,12.83
fe746363c4,1,i07,10.4,12.83
fe746363c4,1,i08,15.48,12.83
fe746363c4,1,i09,12.18,11.35
fe746363c4,1,i10,10.79,11.35
fe746363c4,1,i11,17.25,12.4
fe746363c4,1,i12,9.0,12.4
fe746363c4,1,i13,16.25,12.4
fe746363c4,1,i14,9.6,12.4
fe746363c4,1,i15,15.2,12.4
fe746363c4,1,i16,12.53,12.35
fe746363c4,1,i17,12.01,12.35
fe746363c4,1,i18,12.83,12.35
fe746363c4,1,i19,10.4,12.57
fe746363c4,1,i20,14.3,12.57
fe746363c4,1,i21,12.15,12.57
fe746363c4,1,i22,10.04,12.85
fe746363c4,1,i23,15.66,12.85
fe746363c4,1,i24,16.25,10.25
fe746363c4,1,i25,15.75,10.25
fe746363c4,1,i26,18.5,10.25
